benchmark_id,estimates_sha256
open_type_bfs/query_surface=bfs/label_count=254/selectivity=all_matched/degree=8/depth=4/csr_direction=out/csr_type_bytes_one_direction=32/encoding=adaptive_u8,945ae1a21be260f24bbca8ec2cfdc3e365c03dd146a4aeff516d23e11ca7e38a
open_type_bfs/query_surface=bfs/label_count=254/selectivity=half_of_32/degree=8/depth=4/csr_direction=out/csr_type_bytes_one_direction=32/encoding=adaptive_u8,a8ff77b2d07463346a9098ffff6f638912cffc2d20ed5c7ddaa3e113af4454d1
open_type_bfs/query_surface=bfs/label_count=254/selectivity=no_filter/degree=1/depth=4/csr_direction=out/csr_type_bytes_one_direction=4/encoding=adaptive_u8,92ee6edc734d6f72bbb9a9b4bdfaa3a25b2301ba7c4992367e9ec697c53b66c8
open_type_bfs/query_surface=bfs/label_count=254/selectivity=no_filter/degree=1024/depth=4/csr_direction=out/csr_type_bytes_one_direction=4096/encoding=adaptive_u8,bb5af13071424dfb17ca95feab34b0a344ae61fe855046775c1a6b5e4386c3de
open_type_bfs/query_surface=bfs/label_count=254/selectivity=no_filter/degree=64/depth=4/csr_direction=out/csr_type_bytes_one_direction=256/encoding=adaptive_u8,3e42819e0c0ffce7995c469fe4de0ec19b7c0ca44b6af9d8ca2bcabd01693184
open_type_bfs/query_surface=bfs/label_count=254/selectivity=no_filter/degree=8/depth=1/csr_direction=out/csr_type_bytes_one_direction=8/encoding=adaptive_u8,68c9476bb691a66876dc0a785a0d45bcc93521ff750299657756b7275b2c0623
open_type_bfs/query_surface=bfs/label_count=254/selectivity=no_filter/degree=8/depth=16/csr_direction=out/csr_type_bytes_one_direction=128/encoding=adaptive_u8,fd56ae856d4d9a2181119f5e19ae5527fcb4cbbd4f98d4a960addfed63d1174e
open_type_bfs/query_surface=bfs/label_count=254/selectivity=no_filter/degree=8/depth=4/csr_direction=in/csr_type_bytes_one_direction=32/encoding=adaptive_u8,15e271ba8a5d724765e4369f71bd489276968c504613669e21d0d8100916694c
open_type_bfs/query_surface=bfs/label_count=254/selectivity=no_filter/degree=8/depth=4/csr_direction=out/csr_type_bytes_one_direction=32/encoding=adaptive_u8,c83cb1ef86e38e7e746c27d44a2c0cbc8cdd74b4ece464a9cb8fb939c5a04a2a
open_type_bfs/query_surface=bfs/label_count=254/selectivity=none_matched/degree=8/depth=4/csr_direction=out/csr_type_bytes_one_direction=32/encoding=adaptive_u8,7846e67f8e6829a273f2d0818c24c111e62c96feca495a278d5058ae4adb504c
open_type_bfs/query_surface=bfs/label_count=254/selectivity=one_of_32/degree=8/depth=4/csr_direction=out/csr_type_bytes_one_direction=32/encoding=adaptive_u8,d4c986ec40034745c3dcded358b7c993bc84be8a8bc2b67660deed8cd666ff8c
open_type_bfs/query_surface=bfs/label_count=255/selectivity=no_filter/degree=8/depth=4/csr_direction=out/csr_type_bytes_one_direction=64/encoding=adaptive_u16,5c4c3827472ada8bcc44fc9bf9b4d25f3d9ab14b425280a3e4430825dfdd491d
open_type_bfs/query_surface=bfs/label_count=65534/selectivity=no_filter/degree=8/depth=4/csr_direction=out/csr_type_bytes_one_direction=64/encoding=adaptive_u16,12f89adbbb4c5a786e24e08051638a14a9bdab897bfd86cbb82560f84708afa0
open_type_bfs/query_surface=bfs/label_count=65535/selectivity=no_filter/degree=8/depth=4/csr_direction=out/csr_type_bytes_one_direction=128/encoding=adaptive_u32,1b99bd6f5edee9bad9ae4267c4cb6e8392406f5e7d8b0909e3e7d1bc6a3151ba
open_type_bfs/query_surface=bfs/label_count=65536/selectivity=no_filter/degree=8/depth=4/csr_direction=out/csr_type_bytes_one_direction=128/encoding=adaptive_u32,0ffcd7db4b2e513d3337b6f4bacfadfaf9afb56047e8f40918d466a7e8a93d76
open_type_filter_resolution/query_surface=filter_request/label_count=254/request=32_labels/encoding=adaptive_u8,f1c5918896c6fdd58272c6a86d77be5293fde4a1ab76d3c1974956d43017ddd1
open_type_filter_resolution/query_surface=filter_request/label_count=254/request=first/encoding=adaptive_u8,43c3e08c6e4da4e3865e7b2a9197222cdf8200cb06bfc399c6213e9257d574ec
open_type_filter_resolution/query_surface=filter_request/label_count=254/request=last/encoding=adaptive_u8,84f13fda8f7098330811ac56ab8a6150b2e000ba24ee7d94b00222c3cc4c4cc8
open_type_filter_resolution/query_surface=filter_request/label_count=254/request=missing/encoding=adaptive_u8,f88de01f72428247c9d04e71a41505ad627cffd0754ff531e8442e84b924d1ad
open_type_filter_resolution/query_surface=filter_request/label_count=255/request=32_labels/encoding=adaptive_u16,a5d6368fce2b8ef1c18fe44f39365e9f6a3f81d3b879e5bdb9fb649a68aca53d
open_type_filter_resolution/query_surface=filter_request/label_count=255/request=first/encoding=adaptive_u16,4fab27293803f3e30f08b456f42b2d0f6f0ac64ae71598c241f497dd9910407d
open_type_filter_resolution/query_surface=filter_request/label_count=255/request=last/encoding=adaptive_u16,ff8dbc0be30276aabaf2655e174aa39a158a2ba265c7e3619bf5bde031daf635
open_type_filter_resolution/query_surface=filter_request/label_count=255/request=missing/encoding=adaptive_u16,4a1dafb674b089bc4ce5bdb4d0bb43d923546d5d8492eab34956c2885a4ed649
open_type_filter_resolution/query_surface=filter_request/label_count=65534/request=32_labels/encoding=adaptive_u16,63b1a60de65c20b6d5908a7a2434c6656c7f47d20cad5e99557892fb9d22d32b
open_type_filter_resolution/query_surface=filter_request/label_count=65534/request=first/encoding=adaptive_u16,d1b427d928c3bcf53af19413cfb098d4e0e555af427f3676adc116bde75518aa
open_type_filter_resolution/query_surface=filter_request/label_count=65534/request=last/encoding=adaptive_u16,20db778319c4fcf4fd13b82d43c6ba0f7f5dc802b948e9ea6e360166b3b8fb25
open_type_filter_resolution/query_surface=filter_request/label_count=65534/request=missing/encoding=adaptive_u16,bb6af19f1b0b5b19949915d41720a5963085808f94b990bd3120c99163486fa2
open_type_filter_resolution/query_surface=filter_request/label_count=65535/request=32_labels/encoding=adaptive_u32,6714f7825aa0cab1997828a7d14135a190a19898d10ffb0935f0ada6b878505e
open_type_filter_resolution/query_surface=filter_request/label_count=65535/request=first/encoding=adaptive_u32,0d91fa823facbc83d7bffed0b55ba65b0ec1ecf60a060319d44b3c7332da04d2
open_type_filter_resolution/query_surface=filter_request/label_count=65535/request=last/encoding=adaptive_u32,9949ecd7a5c5892d5198ef465799ce35950f18359e7a4fc47fc0f19d3cd0d941
open_type_filter_resolution/query_surface=filter_request/label_count=65535/request=missing/encoding=adaptive_u32,d15877bda5fa9a4e8f8a0e39feec73a2ada218c2d5d3283c78859a4a86ccec0e
open_type_filter_resolution/query_surface=filter_request/label_count=65536/request=32_labels/encoding=adaptive_u32,b7a40aadc5ecb917442f00631d62f70b78a5c76aa98962467b49a1cd19bd3e0a
open_type_filter_resolution/query_surface=filter_request/label_count=65536/request=first/encoding=adaptive_u32,113e5c8e42799b240af55e456daf6e35ce4ec210ecc43a0b1783e30f8395781b
open_type_filter_resolution/query_surface=filter_request/label_count=65536/request=last/encoding=adaptive_u32,1f60d4f67e0b9d7df479c8cd9fa17c9729ea1991596977178cc56f38d18d551a
open_type_filter_resolution/query_surface=filter_request/label_count=65536/request=missing/encoding=adaptive_u32,39da6174771f492a628f19ba80e17c7fed4b61a1f2532193dd1b10eef841ad8d
open_type_filter_resolution/query_surface=filter_resolution/label_count=254/request_shape=bounded_4096/encoding=adaptive_u8,5665eddb3a352251b015800a8198d8d269723e0e21015cb2bbfb96551386a6c7
open_type_filter_resolution/query_surface=filter_resolution/label_count=254/request_shape=empty/encoding=adaptive_u8,e2cdc2cb9895727a629d86da46f446658150a35958fa6abc74411414ae98c3eb
open_type_filter_resolution/query_surface=filter_resolution/label_count=254/request_shape=one_exact/encoding=adaptive_u8,3d39813f6d7bd3875327593ae31f38e9d5c29d16ebee98ce534f4650a493d5d3
open_type_filter_resolution/query_surface=filter_resolution/label_count=255/request_shape=bounded_4096/encoding=adaptive_u16,7255f669bdba231ca13044a6b55b6c9db273af9df71fa2e1a39d177bc70fe6d0
open_type_filter_resolution/query_surface=filter_resolution/label_count=255/request_shape=empty/encoding=adaptive_u16,cbbdc3e7a4b2160f7efbc4a9bb5fad724124569da97bc43aabc9584b3a965099
open_type_filter_resolution/query_surface=filter_resolution/label_count=255/request_shape=one_exact/encoding=adaptive_u16,3e7dd6fff9e25acb98c6ae232de13b446a927c4ed3c1a45873b20dc40147ee2f
open_type_filter_resolution/query_surface=filter_resolution/label_count=65534/request_shape=bounded_4096/encoding=adaptive_u16,1af96dfbb6e2f14b80f30ce3c9e3b679973c1dafab3282a746434651d058cdc2
open_type_filter_resolution/query_surface=filter_resolution/label_count=65534/request_shape=empty/encoding=adaptive_u16,a31694777898baf5437e3f57f00cdba1a6b9526b0aaab51b035e32ca39c0e0d0
open_type_filter_resolution/query_surface=filter_resolution/label_count=65534/request_shape=one_exact/encoding=adaptive_u16,050e5010c09e90555868eadc88b08f6f3ce651c1108da82ce1e51593c79a2b00
open_type_filter_resolution/query_surface=filter_resolution/label_count=65535/request_shape=bounded_4096/encoding=adaptive_u32,ae66f4504af55ced97374e1bafea90f1335edcc4039b5e0e1f18b7022438ae8c
open_type_filter_resolution/query_surface=filter_resolution/label_count=65535/request_shape=empty/encoding=adaptive_u32,f87ec7564c49617c4a5263c90b6b577295cd6bbe0a4483b9224ca629ec45abde
open_type_filter_resolution/query_surface=filter_resolution/label_count=65535/request_shape=one_exact/encoding=adaptive_u32,97ee3a10e0d73d5b04a1584a2af39ddaa14459095b991a4a8cf5b67b944f9b38
open_type_filter_resolution/query_surface=filter_resolution/label_count=65536/request_shape=bounded_4096/encoding=adaptive_u32,98b56efa99bdcfd4a19217bdb343ccbacb6e2b32da7bc886bf07eae9b157486c
open_type_filter_resolution/query_surface=filter_resolution/label_count=65536/request_shape=empty/encoding=adaptive_u32,f59b1dff9550c441f8dcbbd3da4202a7443e8a7c3ef02170ab6ae567a809e074
open_type_filter_resolution/query_surface=filter_resolution/label_count=65536/request_shape=one_exact/encoding=adaptive_u32,93bc24f13692ceba01a6f8304f13baef9d7e06b152b5729d57b57a40ef6842aa
open_type_registry_lookup/query_surface=registry_lookup/label_count=254/request=first/encoding=adaptive_u8,887f90bef9c571fa879c118fd1bd75395388235dce81db8726d1419897c12447
open_type_registry_lookup/query_surface=registry_lookup/label_count=254/request=last/encoding=adaptive_u8,610aec1c048f8a1123c34ed607efaebf2f94c4642fdbaf0bd68f02dd5ea790f0
open_type_registry_lookup/query_surface=registry_lookup/label_count=254/request=missing/encoding=adaptive_u8,1d7f2c8274bc2c79381294e414fe22b1fdd06432d503e236ce84f684cf90eb18
open_type_registry_lookup/query_surface=registry_lookup/label_count=255/request=first/encoding=adaptive_u16,aec193914bfa01e41da269b16324e3811d046eefeda6c7f06063c3dd45cf38aa
open_type_registry_lookup/query_surface=registry_lookup/label_count=255/request=last/encoding=adaptive_u16,5b8c6ef41c93bbb7810cecaa03bf2e4b6276cb2766d518a26350529cba82892c
open_type_registry_lookup/query_surface=registry_lookup/label_count=255/request=missing/encoding=adaptive_u16,43d56b201c466be47e5b67051c49f3ffa52ca7631c1b0b73ee9a90fa11367b75
open_type_registry_lookup/query_surface=registry_lookup/label_count=65534/request=first/encoding=adaptive_u16,e3aac50249b37d0455728cd95ffec266f03dddc4fa9cc76ceba57ba9cfe08c47
open_type_registry_lookup/query_surface=registry_lookup/label_count=65534/request=last/encoding=adaptive_u16,a61aac58db3e2d1f23bc164a4cbde215fb686872e574b6ecb09a7da8e2d83eab
open_type_registry_lookup/query_surface=registry_lookup/label_count=65534/request=missing/encoding=adaptive_u16,12c63a94d5969df399257ce6b0b7979c62c2991aaea579c87e0cd6c74c12652c
open_type_registry_lookup/query_surface=registry_lookup/label_count=65535/request=first/encoding=adaptive_u32,2994d89e9f2caa48536d901e8718ae2da8e5999a7a387751aa316a0fc404c1dd
open_type_registry_lookup/query_surface=registry_lookup/label_count=65535/request=last/encoding=adaptive_u32,558ff289d96d7f0df5a1508f4e93d5a400dd6adfd0fa8c138c84c7b8c22bfd6f
open_type_registry_lookup/query_surface=registry_lookup/label_count=65535/request=missing/encoding=adaptive_u32,bf8fae206eec2cf652eb9ea5124ca1b717893291ffa800ab86faa525ed569324
open_type_registry_lookup/query_surface=registry_lookup/label_count=65536/request=first/encoding=adaptive_u32,c1b46782de3aa57fed51e62d1bd32e57f61816e9d72812a86fab9a265fca3049
open_type_registry_lookup/query_surface=registry_lookup/label_count=65536/request=last/encoding=adaptive_u32,ac4b3ac46ff7ddfcea4fd13e33936564e95d692c94edd882bdcedd932cd246ae
open_type_registry_lookup/query_surface=registry_lookup/label_count=65536/request=missing/encoding=adaptive_u32,c6a3b92793338c8137d3452e59c69e509ff0257c4ab04d1b2cb6090d542d7c13
