query_surface,label_count,sample_index,elapsed_ns,result_digest
traverse,254,1,16206000,11290583525d343f7230e2931507eec8
traverse,254,2,27477000,11290583525d343f7230e2931507eec8
traverse,254,3,19363000,11290583525d343f7230e2931507eec8
traverse,254,4,19013000,11290583525d343f7230e2931507eec8
traverse,254,5,19289000,11290583525d343f7230e2931507eec8
traverse,254,6,28911000,11290583525d343f7230e2931507eec8
traverse,254,7,17343000,11290583525d343f7230e2931507eec8
traverse,254,8,27193000,11290583525d343f7230e2931507eec8
traverse,254,9,14311000,11290583525d343f7230e2931507eec8
traverse,254,10,28165000,11290583525d343f7230e2931507eec8
traverse,254,11,20834000,11290583525d343f7230e2931507eec8
traverse,254,12,21025000,11290583525d343f7230e2931507eec8
traverse,254,13,14452000,11290583525d343f7230e2931507eec8
traverse,254,14,17299000,11290583525d343f7230e2931507eec8
traverse,254,15,18464000,11290583525d343f7230e2931507eec8
traverse,254,16,18433000,11290583525d343f7230e2931507eec8
traverse,254,17,26754000,11290583525d343f7230e2931507eec8
traverse,254,18,20067000,11290583525d343f7230e2931507eec8
traverse,254,19,21092000,11290583525d343f7230e2931507eec8
traverse,254,20,20709000,11290583525d343f7230e2931507eec8
traverse,254,21,18704000,11290583525d343f7230e2931507eec8
traverse,254,22,26890000,11290583525d343f7230e2931507eec8
traverse,254,23,16808000,11290583525d343f7230e2931507eec8
traverse,254,24,18356000,11290583525d343f7230e2931507eec8
traverse,254,25,23697000,11290583525d343f7230e2931507eec8
traverse,254,26,18810000,11290583525d343f7230e2931507eec8
traverse,254,27,19032000,11290583525d343f7230e2931507eec8
traverse,254,28,30240000,11290583525d343f7230e2931507eec8
traverse,254,29,16582000,11290583525d343f7230e2931507eec8
traverse,254,30,16212000,11290583525d343f7230e2931507eec8
traverse,254,31,23409000,11290583525d343f7230e2931507eec8
traverse,254,32,22613000,11290583525d343f7230e2931507eec8
traverse,254,33,21566000,11290583525d343f7230e2931507eec8
traverse,254,34,30487000,11290583525d343f7230e2931507eec8
traverse,254,35,25372000,11290583525d343f7230e2931507eec8
traverse,254,36,24600000,11290583525d343f7230e2931507eec8
traverse,254,37,22554000,11290583525d343f7230e2931507eec8
traverse,254,38,18822000,11290583525d343f7230e2931507eec8
traverse,254,39,18549000,11290583525d343f7230e2931507eec8
traverse,254,40,18961000,11290583525d343f7230e2931507eec8
shortest_path,254,1,4112000,598bc6e7cecc93ca052bc155b2a13c9b
shortest_path,254,2,3977000,598bc6e7cecc93ca052bc155b2a13c9b
shortest_path,254,3,4037000,598bc6e7cecc93ca052bc155b2a13c9b
shortest_path,254,4,3872000,598bc6e7cecc93ca052bc155b2a13c9b
shortest_path,254,5,4014000,598bc6e7cecc93ca052bc155b2a13c9b
shortest_path,254,6,4581000,598bc6e7cecc93ca052bc155b2a13c9b
shortest_path,254,7,4251000,598bc6e7cecc93ca052bc155b2a13c9b
shortest_path,254,8,3876000,598bc6e7cecc93ca052bc155b2a13c9b
shortest_path,254,9,4019000,598bc6e7cecc93ca052bc155b2a13c9b
shortest_path,254,10,3967000,598bc6e7cecc93ca052bc155b2a13c9b
shortest_path,254,11,4305000,598bc6e7cecc93ca052bc155b2a13c9b
shortest_path,254,12,4098000,598bc6e7cecc93ca052bc155b2a13c9b
shortest_path,254,13,3847000,598bc6e7cecc93ca052bc155b2a13c9b
shortest_path,254,14,4387000,598bc6e7cecc93ca052bc155b2a13c9b
shortest_path,254,15,3853000,598bc6e7cecc93ca052bc155b2a13c9b
shortest_path,254,16,4145000,598bc6e7cecc93ca052bc155b2a13c9b
shortest_path,254,17,4368000,598bc6e7cecc93ca052bc155b2a13c9b
shortest_path,254,18,4694000,598bc6e7cecc93ca052bc155b2a13c9b
shortest_path,254,19,3838000,598bc6e7cecc93ca052bc155b2a13c9b
shortest_path,254,20,4228000,598bc6e7cecc93ca052bc155b2a13c9b
shortest_path,254,21,3783000,598bc6e7cecc93ca052bc155b2a13c9b
shortest_path,254,22,4295000,598bc6e7cecc93ca052bc155b2a13c9b
shortest_path,254,23,4404000,598bc6e7cecc93ca052bc155b2a13c9b
shortest_path,254,24,4398000,598bc6e7cecc93ca052bc155b2a13c9b
shortest_path,254,25,3937000,598bc6e7cecc93ca052bc155b2a13c9b
shortest_path,254,26,3898000,598bc6e7cecc93ca052bc155b2a13c9b
shortest_path,254,27,3682000,598bc6e7cecc93ca052bc155b2a13c9b
shortest_path,254,28,3821000,598bc6e7cecc93ca052bc155b2a13c9b
shortest_path,254,29,4229000,598bc6e7cecc93ca052bc155b2a13c9b
shortest_path,254,30,4232000,598bc6e7cecc93ca052bc155b2a13c9b
shortest_path,254,31,5524000,598bc6e7cecc93ca052bc155b2a13c9b
shortest_path,254,32,4114000,598bc6e7cecc93ca052bc155b2a13c9b
shortest_path,254,33,5007000,598bc6e7cecc93ca052bc155b2a13c9b
shortest_path,254,34,6193000,598bc6e7cecc93ca052bc155b2a13c9b
shortest_path,254,35,3817000,598bc6e7cecc93ca052bc155b2a13c9b
shortest_path,254,36,5858000,598bc6e7cecc93ca052bc155b2a13c9b
shortest_path,254,37,9126000,598bc6e7cecc93ca052bc155b2a13c9b
shortest_path,254,38,5234000,598bc6e7cecc93ca052bc155b2a13c9b
shortest_path,254,39,6242000,598bc6e7cecc93ca052bc155b2a13c9b
shortest_path,254,40,4297000,598bc6e7cecc93ca052bc155b2a13c9b
gql,254,1,14841000,c81e728d9d4c2f636f067f89cc14862c
gql,254,2,14344000,c81e728d9d4c2f636f067f89cc14862c
gql,254,3,13929000,c81e728d9d4c2f636f067f89cc14862c
gql,254,4,14329000,c81e728d9d4c2f636f067f89cc14862c
gql,254,5,14073000,c81e728d9d4c2f636f067f89cc14862c
gql,254,6,15390000,c81e728d9d4c2f636f067f89cc14862c
gql,254,7,14705000,c81e728d9d4c2f636f067f89cc14862c
gql,254,8,15430000,c81e728d9d4c2f636f067f89cc14862c
gql,254,9,15452000,c81e728d9d4c2f636f067f89cc14862c
gql,254,10,15432000,c81e728d9d4c2f636f067f89cc14862c
gql,254,11,15361000,c81e728d9d4c2f636f067f89cc14862c
gql,254,12,14644000,c81e728d9d4c2f636f067f89cc14862c
gql,254,13,14366000,c81e728d9d4c2f636f067f89cc14862c
gql,254,14,14237000,c81e728d9d4c2f636f067f89cc14862c
gql,254,15,14423000,c81e728d9d4c2f636f067f89cc14862c
gql,254,16,14778000,c81e728d9d4c2f636f067f89cc14862c
gql,254,17,14568000,c81e728d9d4c2f636f067f89cc14862c
gql,254,18,15844000,c81e728d9d4c2f636f067f89cc14862c
gql,254,19,15530000,c81e728d9d4c2f636f067f89cc14862c
gql,254,20,15206000,c81e728d9d4c2f636f067f89cc14862c
gql,254,21,14853000,c81e728d9d4c2f636f067f89cc14862c
gql,254,22,14173000,c81e728d9d4c2f636f067f89cc14862c
gql,254,23,14321000,c81e728d9d4c2f636f067f89cc14862c
gql,254,24,15390000,c81e728d9d4c2f636f067f89cc14862c
gql,254,25,15644000,c81e728d9d4c2f636f067f89cc14862c
gql,254,26,15516000,c81e728d9d4c2f636f067f89cc14862c
gql,254,27,15711000,c81e728d9d4c2f636f067f89cc14862c
gql,254,28,14932000,c81e728d9d4c2f636f067f89cc14862c
gql,254,29,15097000,c81e728d9d4c2f636f067f89cc14862c
gql,254,30,14687000,c81e728d9d4c2f636f067f89cc14862c
gql,254,31,14333000,c81e728d9d4c2f636f067f89cc14862c
gql,254,32,14472000,c81e728d9d4c2f636f067f89cc14862c
gql,254,33,14479000,c81e728d9d4c2f636f067f89cc14862c
gql,254,34,14791000,c81e728d9d4c2f636f067f89cc14862c
gql,254,35,14746000,c81e728d9d4c2f636f067f89cc14862c
gql,254,36,14765000,c81e728d9d4c2f636f067f89cc14862c
gql,254,37,15986000,c81e728d9d4c2f636f067f89cc14862c
gql,254,38,15410000,c81e728d9d4c2f636f067f89cc14862c
gql,254,39,14867000,c81e728d9d4c2f636f067f89cc14862c
gql,254,40,14993000,c81e728d9d4c2f636f067f89cc14862c
cypher,254,1,15106000,c81e728d9d4c2f636f067f89cc14862c
cypher,254,2,15567000,c81e728d9d4c2f636f067f89cc14862c
cypher,254,3,15573000,c81e728d9d4c2f636f067f89cc14862c
cypher,254,4,15343000,c81e728d9d4c2f636f067f89cc14862c
cypher,254,5,15066000,c81e728d9d4c2f636f067f89cc14862c
cypher,254,6,15818000,c81e728d9d4c2f636f067f89cc14862c
cypher,254,7,15133000,c81e728d9d4c2f636f067f89cc14862c
cypher,254,8,14785000,c81e728d9d4c2f636f067f89cc14862c
cypher,254,9,14601000,c81e728d9d4c2f636f067f89cc14862c
cypher,254,10,14558000,c81e728d9d4c2f636f067f89cc14862c
cypher,254,11,14627000,c81e728d9d4c2f636f067f89cc14862c
cypher,254,12,14510000,c81e728d9d4c2f636f067f89cc14862c
cypher,254,13,14424000,c81e728d9d4c2f636f067f89cc14862c
cypher,254,14,14480000,c81e728d9d4c2f636f067f89cc14862c
cypher,254,15,14804000,c81e728d9d4c2f636f067f89cc14862c
cypher,254,16,14841000,c81e728d9d4c2f636f067f89cc14862c
cypher,254,17,14902000,c81e728d9d4c2f636f067f89cc14862c
cypher,254,18,14699000,c81e728d9d4c2f636f067f89cc14862c
cypher,254,19,15810000,c81e728d9d4c2f636f067f89cc14862c
cypher,254,20,15738000,c81e728d9d4c2f636f067f89cc14862c
cypher,254,21,15211000,c81e728d9d4c2f636f067f89cc14862c
cypher,254,22,15977000,c81e728d9d4c2f636f067f89cc14862c
cypher,254,23,15471000,c81e728d9d4c2f636f067f89cc14862c
cypher,254,24,14957000,c81e728d9d4c2f636f067f89cc14862c
cypher,254,25,15079000,c81e728d9d4c2f636f067f89cc14862c
cypher,254,26,15121000,c81e728d9d4c2f636f067f89cc14862c
cypher,254,27,14841000,c81e728d9d4c2f636f067f89cc14862c
cypher,254,28,14529000,c81e728d9d4c2f636f067f89cc14862c
cypher,254,29,14351000,c81e728d9d4c2f636f067f89cc14862c
cypher,254,30,14458000,c81e728d9d4c2f636f067f89cc14862c
cypher,254,31,14967000,c81e728d9d4c2f636f067f89cc14862c
cypher,254,32,14886000,c81e728d9d4c2f636f067f89cc14862c
cypher,254,33,14956000,c81e728d9d4c2f636f067f89cc14862c
cypher,254,34,15362000,c81e728d9d4c2f636f067f89cc14862c
cypher,254,35,15083000,c81e728d9d4c2f636f067f89cc14862c
cypher,254,36,15570000,c81e728d9d4c2f636f067f89cc14862c
cypher,254,37,16450000,c81e728d9d4c2f636f067f89cc14862c
cypher,254,38,15167000,c81e728d9d4c2f636f067f89cc14862c
cypher,254,39,15707000,c81e728d9d4c2f636f067f89cc14862c
cypher,254,40,15161000,c81e728d9d4c2f636f067f89cc14862c
traverse,65536,1,12858000,11290583525d343f7230e2931507eec8
traverse,65536,2,12873000,11290583525d343f7230e2931507eec8
traverse,65536,3,13252000,11290583525d343f7230e2931507eec8
traverse,65536,4,13881000,11290583525d343f7230e2931507eec8
traverse,65536,5,14312000,11290583525d343f7230e2931507eec8
traverse,65536,6,14041000,11290583525d343f7230e2931507eec8
traverse,65536,7,13437000,11290583525d343f7230e2931507eec8
traverse,65536,8,13331000,11290583525d343f7230e2931507eec8
traverse,65536,9,13363000,11290583525d343f7230e2931507eec8
traverse,65536,10,12910000,11290583525d343f7230e2931507eec8
traverse,65536,11,12793000,11290583525d343f7230e2931507eec8
traverse,65536,12,12814000,11290583525d343f7230e2931507eec8
traverse,65536,13,12776000,11290583525d343f7230e2931507eec8
traverse,65536,14,12975000,11290583525d343f7230e2931507eec8
traverse,65536,15,12880000,11290583525d343f7230e2931507eec8
traverse,65536,16,12916000,11290583525d343f7230e2931507eec8
traverse,65536,17,13138000,11290583525d343f7230e2931507eec8
traverse,65536,18,12958000,11290583525d343f7230e2931507eec8
traverse,65536,19,12715000,11290583525d343f7230e2931507eec8
traverse,65536,20,12876000,11290583525d343f7230e2931507eec8
traverse,65536,21,12667000,11290583525d343f7230e2931507eec8
traverse,65536,22,12846000,11290583525d343f7230e2931507eec8
traverse,65536,23,12799000,11290583525d343f7230e2931507eec8
traverse,65536,24,13258000,11290583525d343f7230e2931507eec8
traverse,65536,25,13450000,11290583525d343f7230e2931507eec8
traverse,65536,26,14085000,11290583525d343f7230e2931507eec8
traverse,65536,27,13967000,11290583525d343f7230e2931507eec8
traverse,65536,28,13370000,11290583525d343f7230e2931507eec8
traverse,65536,29,13654000,11290583525d343f7230e2931507eec8
traverse,65536,30,13451000,11290583525d343f7230e2931507eec8
traverse,65536,31,13251000,11290583525d343f7230e2931507eec8
traverse,65536,32,13040000,11290583525d343f7230e2931507eec8
traverse,65536,33,13150000,11290583525d343f7230e2931507eec8
traverse,65536,34,12825000,11290583525d343f7230e2931507eec8
traverse,65536,35,13027000,11290583525d343f7230e2931507eec8
traverse,65536,36,13062000,11290583525d343f7230e2931507eec8
traverse,65536,37,12965000,11290583525d343f7230e2931507eec8
traverse,65536,38,13103000,11290583525d343f7230e2931507eec8
traverse,65536,39,12854000,11290583525d343f7230e2931507eec8
traverse,65536,40,12810000,11290583525d343f7230e2931507eec8
shortest_path,65536,1,3379000,598bc6e7cecc93ca052bc155b2a13c9b
shortest_path,65536,2,3438000,598bc6e7cecc93ca052bc155b2a13c9b
shortest_path,65536,3,3407000,598bc6e7cecc93ca052bc155b2a13c9b
shortest_path,65536,4,3365000,598bc6e7cecc93ca052bc155b2a13c9b
shortest_path,65536,5,3425000,598bc6e7cecc93ca052bc155b2a13c9b
shortest_path,65536,6,3375000,598bc6e7cecc93ca052bc155b2a13c9b
shortest_path,65536,7,3390000,598bc6e7cecc93ca052bc155b2a13c9b
shortest_path,65536,8,3598000,598bc6e7cecc93ca052bc155b2a13c9b
shortest_path,65536,9,3446000,598bc6e7cecc93ca052bc155b2a13c9b
shortest_path,65536,10,3368000,598bc6e7cecc93ca052bc155b2a13c9b
shortest_path,65536,11,3364000,598bc6e7cecc93ca052bc155b2a13c9b
shortest_path,65536,12,3405000,598bc6e7cecc93ca052bc155b2a13c9b
shortest_path,65536,13,3358000,598bc6e7cecc93ca052bc155b2a13c9b
shortest_path,65536,14,3335000,598bc6e7cecc93ca052bc155b2a13c9b
shortest_path,65536,15,3377000,598bc6e7cecc93ca052bc155b2a13c9b
shortest_path,65536,16,3393000,598bc6e7cecc93ca052bc155b2a13c9b
shortest_path,65536,17,3342000,598bc6e7cecc93ca052bc155b2a13c9b
shortest_path,65536,18,3359000,598bc6e7cecc93ca052bc155b2a13c9b
shortest_path,65536,19,3322000,598bc6e7cecc93ca052bc155b2a13c9b
shortest_path,65536,20,3311000,598bc6e7cecc93ca052bc155b2a13c9b
shortest_path,65536,21,3381000,598bc6e7cecc93ca052bc155b2a13c9b
shortest_path,65536,22,3321000,598bc6e7cecc93ca052bc155b2a13c9b
shortest_path,65536,23,3344000,598bc6e7cecc93ca052bc155b2a13c9b
shortest_path,65536,24,3324000,598bc6e7cecc93ca052bc155b2a13c9b
shortest_path,65536,25,3337000,598bc6e7cecc93ca052bc155b2a13c9b
shortest_path,65536,26,3354000,598bc6e7cecc93ca052bc155b2a13c9b
shortest_path,65536,27,3483000,598bc6e7cecc93ca052bc155b2a13c9b
shortest_path,65536,28,3771000,598bc6e7cecc93ca052bc155b2a13c9b
shortest_path,65536,29,3807000,598bc6e7cecc93ca052bc155b2a13c9b
shortest_path,65536,30,3993000,598bc6e7cecc93ca052bc155b2a13c9b
shortest_path,65536,31,3787000,598bc6e7cecc93ca052bc155b2a13c9b
shortest_path,65536,32,3818000,598bc6e7cecc93ca052bc155b2a13c9b
shortest_path,65536,33,3925000,598bc6e7cecc93ca052bc155b2a13c9b
shortest_path,65536,34,3622000,598bc6e7cecc93ca052bc155b2a13c9b
shortest_path,65536,35,4035000,598bc6e7cecc93ca052bc155b2a13c9b
shortest_path,65536,36,3570000,598bc6e7cecc93ca052bc155b2a13c9b
shortest_path,65536,37,3654000,598bc6e7cecc93ca052bc155b2a13c9b
shortest_path,65536,38,3442000,598bc6e7cecc93ca052bc155b2a13c9b
shortest_path,65536,39,3464000,598bc6e7cecc93ca052bc155b2a13c9b
shortest_path,65536,40,3857000,598bc6e7cecc93ca052bc155b2a13c9b
gql,65536,1,14763000,c81e728d9d4c2f636f067f89cc14862c
gql,65536,2,14694000,c81e728d9d4c2f636f067f89cc14862c
gql,65536,3,15252000,c81e728d9d4c2f636f067f89cc14862c
gql,65536,4,15999000,c81e728d9d4c2f636f067f89cc14862c
gql,65536,5,15119000,c81e728d9d4c2f636f067f89cc14862c
gql,65536,6,15151000,c81e728d9d4c2f636f067f89cc14862c
gql,65536,7,15013000,c81e728d9d4c2f636f067f89cc14862c
gql,65536,8,14742000,c81e728d9d4c2f636f067f89cc14862c
gql,65536,9,15621000,c81e728d9d4c2f636f067f89cc14862c
gql,65536,10,16430000,c81e728d9d4c2f636f067f89cc14862c
gql,65536,11,16113000,c81e728d9d4c2f636f067f89cc14862c
gql,65536,12,15597000,c81e728d9d4c2f636f067f89cc14862c
gql,65536,13,15154000,c81e728d9d4c2f636f067f89cc14862c
gql,65536,14,15861000,c81e728d9d4c2f636f067f89cc14862c
gql,65536,15,15145000,c81e728d9d4c2f636f067f89cc14862c
gql,65536,16,15508000,c81e728d9d4c2f636f067f89cc14862c
gql,65536,17,15687000,c81e728d9d4c2f636f067f89cc14862c
gql,65536,18,16386000,c81e728d9d4c2f636f067f89cc14862c
gql,65536,19,15235000,c81e728d9d4c2f636f067f89cc14862c
gql,65536,20,15515000,c81e728d9d4c2f636f067f89cc14862c
gql,65536,21,15600000,c81e728d9d4c2f636f067f89cc14862c
gql,65536,22,15386000,c81e728d9d4c2f636f067f89cc14862c
gql,65536,23,15000000,c81e728d9d4c2f636f067f89cc14862c
gql,65536,24,14956000,c81e728d9d4c2f636f067f89cc14862c
gql,65536,25,15277000,c81e728d9d4c2f636f067f89cc14862c
gql,65536,26,15477000,c81e728d9d4c2f636f067f89cc14862c
gql,65536,27,15197000,c81e728d9d4c2f636f067f89cc14862c
gql,65536,28,15157000,c81e728d9d4c2f636f067f89cc14862c
gql,65536,29,15792000,c81e728d9d4c2f636f067f89cc14862c
gql,65536,30,16234000,c81e728d9d4c2f636f067f89cc14862c
gql,65536,31,16205000,c81e728d9d4c2f636f067f89cc14862c
gql,65536,32,15992000,c81e728d9d4c2f636f067f89cc14862c
gql,65536,33,16499000,c81e728d9d4c2f636f067f89cc14862c
gql,65536,34,15438000,c81e728d9d4c2f636f067f89cc14862c
gql,65536,35,15459000,c81e728d9d4c2f636f067f89cc14862c
gql,65536,36,15387000,c81e728d9d4c2f636f067f89cc14862c
gql,65536,37,15181000,c81e728d9d4c2f636f067f89cc14862c
gql,65536,38,15168000,c81e728d9d4c2f636f067f89cc14862c
gql,65536,39,15563000,c81e728d9d4c2f636f067f89cc14862c
gql,65536,40,15391000,c81e728d9d4c2f636f067f89cc14862c
cypher,65536,1,16375000,c81e728d9d4c2f636f067f89cc14862c
cypher,65536,2,16195000,c81e728d9d4c2f636f067f89cc14862c
cypher,65536,3,16126000,c81e728d9d4c2f636f067f89cc14862c
cypher,65536,4,16189000,c81e728d9d4c2f636f067f89cc14862c
cypher,65536,5,15671000,c81e728d9d4c2f636f067f89cc14862c
cypher,65536,6,15559000,c81e728d9d4c2f636f067f89cc14862c
cypher,65536,7,15665000,c81e728d9d4c2f636f067f89cc14862c
cypher,65536,8,15283000,c81e728d9d4c2f636f067f89cc14862c
cypher,65536,9,14873000,c81e728d9d4c2f636f067f89cc14862c
cypher,65536,10,14828000,c81e728d9d4c2f636f067f89cc14862c
cypher,65536,11,15298000,c81e728d9d4c2f636f067f89cc14862c
cypher,65536,12,15892000,c81e728d9d4c2f636f067f89cc14862c
cypher,65536,13,15881000,c81e728d9d4c2f636f067f89cc14862c
cypher,65536,14,15344000,c81e728d9d4c2f636f067f89cc14862c
cypher,65536,15,14902000,c81e728d9d4c2f636f067f89cc14862c
cypher,65536,16,15097000,c81e728d9d4c2f636f067f89cc14862c
cypher,65536,17,15680000,c81e728d9d4c2f636f067f89cc14862c
cypher,65536,18,15136000,c81e728d9d4c2f636f067f89cc14862c
cypher,65536,19,14899000,c81e728d9d4c2f636f067f89cc14862c
cypher,65536,20,15669000,c81e728d9d4c2f636f067f89cc14862c
cypher,65536,21,14866000,c81e728d9d4c2f636f067f89cc14862c
cypher,65536,22,14805000,c81e728d9d4c2f636f067f89cc14862c
cypher,65536,23,14646000,c81e728d9d4c2f636f067f89cc14862c
cypher,65536,24,15201000,c81e728d9d4c2f636f067f89cc14862c
cypher,65536,25,15202000,c81e728d9d4c2f636f067f89cc14862c
cypher,65536,26,15834000,c81e728d9d4c2f636f067f89cc14862c
cypher,65536,27,15158000,c81e728d9d4c2f636f067f89cc14862c
cypher,65536,28,15050000,c81e728d9d4c2f636f067f89cc14862c
cypher,65536,29,14750000,c81e728d9d4c2f636f067f89cc14862c
cypher,65536,30,14651000,c81e728d9d4c2f636f067f89cc14862c
cypher,65536,31,15173000,c81e728d9d4c2f636f067f89cc14862c
cypher,65536,32,15512000,c81e728d9d4c2f636f067f89cc14862c
cypher,65536,33,15269000,c81e728d9d4c2f636f067f89cc14862c
cypher,65536,34,15506000,c81e728d9d4c2f636f067f89cc14862c
cypher,65536,35,15552000,c81e728d9d4c2f636f067f89cc14862c
cypher,65536,36,15631000,c81e728d9d4c2f636f067f89cc14862c
cypher,65536,37,15765000,c81e728d9d4c2f636f067f89cc14862c
cypher,65536,38,15132000,c81e728d9d4c2f636f067f89cc14862c
cypher,65536,39,15153000,c81e728d9d4c2f636f067f89cc14862c
cypher,65536,40,14867000,c81e728d9d4c2f636f067f89cc14862c
