run_id	label_count	backend_count	phase	sample_id	epoch_ms	backend	pid	rss_bytes	pss_bytes
a07b662523180685af3bc65cbb56921a38fe21ec-b1	65536	1	idle	1	1787279965199	1	2244	22827008	12407808
a07b662523180685af3bc65cbb56921a38fe21ec-b1	65536	1	idle	2	1787279965306	1	2244	22827008	12407808
a07b662523180685af3bc65cbb56921a38fe21ec-b1	65536	1	idle	3	1787279965414	1	2244	22827008	12407808
a07b662523180685af3bc65cbb56921a38fe21ec-b1	65536	1	idle	4	1787279965523	1	2244	22827008	12407808
a07b662523180685af3bc65cbb56921a38fe21ec-b1	65536	1	idle	5	1787279965629	1	2244	22827008	12407808
a07b662523180685af3bc65cbb56921a38fe21ec-b1	65536	1	idle	6	1787279965736	1	2244	22827008	12407808
a07b662523180685af3bc65cbb56921a38fe21ec-b1	65536	1	idle	7	1787279965848	1	2244	22827008	12407808
a07b662523180685af3bc65cbb56921a38fe21ec-b1	65536	1	idle	8	1787279965956	1	2244	22827008	12407808
a07b662523180685af3bc65cbb56921a38fe21ec-b1	65536	1	idle	9	1787279966061	1	2244	22827008	12407808
a07b662523180685af3bc65cbb56921a38fe21ec-b1	65536	1	idle	10	1787279966169	1	2244	22827008	12407808
a07b662523180685af3bc65cbb56921a38fe21ec-b1	65536	1	loaded	11	1787279968126	1	2244	111161344	100359168
a07b662523180685af3bc65cbb56921a38fe21ec-b1	65536	1	loaded	12	1787279968231	1	2244	111161344	100359168
a07b662523180685af3bc65cbb56921a38fe21ec-b1	65536	1	loaded	13	1787279968336	1	2244	111161344	100359168
a07b662523180685af3bc65cbb56921a38fe21ec-b1	65536	1	loaded	14	1787279968447	1	2244	111161344	100359168
a07b662523180685af3bc65cbb56921a38fe21ec-b1	65536	1	loaded	15	1787279968553	1	2244	111161344	100359168
a07b662523180685af3bc65cbb56921a38fe21ec-b1	65536	1	loaded	16	1787279968662	1	2244	111161344	100359168
a07b662523180685af3bc65cbb56921a38fe21ec-b1	65536	1	loaded	17	1787279968774	1	2244	111161344	100359168
a07b662523180685af3bc65cbb56921a38fe21ec-b1	65536	1	loaded	18	1787279968883	1	2244	111161344	100359168
a07b662523180685af3bc65cbb56921a38fe21ec-b1	65536	1	loaded	19	1787279968990	1	2244	111161344	100359168
a07b662523180685af3bc65cbb56921a38fe21ec-b1	65536	1	loaded	20	1787279969095	1	2244	111161344	100359168
a07b662523180685af3bc65cbb56921a38fe21ec-b1	65536	1	loaded	21	1787279969204	1	2244	111161344	100359168
a07b662523180685af3bc65cbb56921a38fe21ec-b1	65536	1	loaded	22	1787279969321	1	2244	111161344	100359168
a07b662523180685af3bc65cbb56921a38fe21ec-b1	65536	1	loaded	23	1787279969429	1	2244	111161344	100359168
a07b662523180685af3bc65cbb56921a38fe21ec-b1	65536	1	loaded	24	1787279969538	1	2244	111161344	100359168
a07b662523180685af3bc65cbb56921a38fe21ec-b1	65536	1	loaded	25	1787279969645	1	2244	111161344	100359168
a07b662523180685af3bc65cbb56921a38fe21ec-b1	65536	1	loaded	26	1787279969760	1	2244	111161344	100359168
a07b662523180685af3bc65cbb56921a38fe21ec-b1	65536	1	loaded	27	1787279969867	1	2244	111161344	100359168
a07b662523180685af3bc65cbb56921a38fe21ec-b1	65536	1	loaded	28	1787279969985	1	2244	111161344	100359168
a07b662523180685af3bc65cbb56921a38fe21ec-b1	65536	1	loaded	29	1787279970093	1	2244	111161344	100359168
a07b662523180685af3bc65cbb56921a38fe21ec-b1	65536	1	loaded	30	1787279970201	1	2244	111161344	100359168
a07b662523180685af3bc65cbb56921a38fe21ec-b1	65536	1	query	31	1787279970430	1	2244	114053120	103148544
a07b662523180685af3bc65cbb56921a38fe21ec-b1	65536	1	query	32	1787279970513	1	2244	114057216	103152640
a07b662523180685af3bc65cbb56921a38fe21ec-b1	65536	1	query	33	1787279970599	1	2244	114057216	103152640
a07b662523180685af3bc65cbb56921a38fe21ec-b1	65536	1	query	34	1787279970688	1	2244	114057216	103418880
a07b662523180685af3bc65cbb56921a38fe21ec-b1	65536	1	query	35	1787279970792	1	2244	114057216	103152640
a07b662523180685af3bc65cbb56921a38fe21ec-b1	65536	1	query	36	1787279970880	1	2244	114061312	103159808
a07b662523180685af3bc65cbb56921a38fe21ec-b1	65536	1	query	37	1787279970979	1	2244	114061312	103158784
a07b662523180685af3bc65cbb56921a38fe21ec-b1	65536	1	query	38	1787279971070	1	2244	114061312	103158784
a07b662523180685af3bc65cbb56921a38fe21ec-b1	65536	1	query	39	1787279971159	1	2244	114061312	103159808
a07b662523180685af3bc65cbb56921a38fe21ec-b1	65536	1	query	40	1787279971250	1	2244	114061312	103159808
a07b662523180685af3bc65cbb56921a38fe21ec-b4	65536	4	idle	1	1787280020587	1	2855	22597632	5000192
a07b662523180685af3bc65cbb56921a38fe21ec-b4	65536	4	idle	1	1787280020587	2	2853	22040576	4935680
a07b662523180685af3bc65cbb56921a38fe21ec-b4	65536	4	idle	1	1787280020587	3	2856	22413312	5011456
a07b662523180685af3bc65cbb56921a38fe21ec-b4	65536	4	idle	1	1787280020587	4	2854	22020096	4904960
a07b662523180685af3bc65cbb56921a38fe21ec-b4	65536	4	idle	2	1787280020701	1	2855	22597632	5000192
a07b662523180685af3bc65cbb56921a38fe21ec-b4	65536	4	idle	2	1787280020701	2	2853	22040576	4935680
a07b662523180685af3bc65cbb56921a38fe21ec-b4	65536	4	idle	2	1787280020701	3	2856	22413312	5011456
a07b662523180685af3bc65cbb56921a38fe21ec-b4	65536	4	idle	2	1787280020701	4	2854	22020096	4904960
a07b662523180685af3bc65cbb56921a38fe21ec-b4	65536	4	idle	3	1787280020812	1	2855	22597632	5000192
a07b662523180685af3bc65cbb56921a38fe21ec-b4	65536	4	idle	3	1787280020812	2	2853	22040576	4935680
a07b662523180685af3bc65cbb56921a38fe21ec-b4	65536	4	idle	3	1787280020812	3	2856	22413312	5011456
a07b662523180685af3bc65cbb56921a38fe21ec-b4	65536	4	idle	3	1787280020812	4	2854	22020096	4904960
a07b662523180685af3bc65cbb56921a38fe21ec-b4	65536	4	idle	4	1787280020925	1	2855	22597632	5000192
a07b662523180685af3bc65cbb56921a38fe21ec-b4	65536	4	idle	4	1787280020925	2	2853	22040576	4935680
a07b662523180685af3bc65cbb56921a38fe21ec-b4	65536	4	idle	4	1787280020925	3	2856	22413312	5011456
a07b662523180685af3bc65cbb56921a38fe21ec-b4	65536	4	idle	4	1787280020925	4	2854	22020096	4904960
a07b662523180685af3bc65cbb56921a38fe21ec-b4	65536	4	idle	5	1787280021043	1	2855	22597632	5000192
a07b662523180685af3bc65cbb56921a38fe21ec-b4	65536	4	idle	5	1787280021043	2	2853	22040576	4935680
a07b662523180685af3bc65cbb56921a38fe21ec-b4	65536	4	idle	5	1787280021043	3	2856	22413312	5011456
a07b662523180685af3bc65cbb56921a38fe21ec-b4	65536	4	idle	5	1787280021043	4	2854	22020096	4904960
a07b662523180685af3bc65cbb56921a38fe21ec-b4	65536	4	idle	6	1787280021157	1	2855	22597632	5000192
a07b662523180685af3bc65cbb56921a38fe21ec-b4	65536	4	idle	6	1787280021157	2	2853	22040576	4935680
a07b662523180685af3bc65cbb56921a38fe21ec-b4	65536	4	idle	6	1787280021157	3	2856	22413312	5011456
a07b662523180685af3bc65cbb56921a38fe21ec-b4	65536	4	idle	6	1787280021157	4	2854	22020096	4904960
a07b662523180685af3bc65cbb56921a38fe21ec-b4	65536	4	idle	7	1787280021273	1	2855	22597632	5000192
a07b662523180685af3bc65cbb56921a38fe21ec-b4	65536	4	idle	7	1787280021273	2	2853	22040576	4935680
a07b662523180685af3bc65cbb56921a38fe21ec-b4	65536	4	idle	7	1787280021273	3	2856	22413312	5011456
a07b662523180685af3bc65cbb56921a38fe21ec-b4	65536	4	idle	7	1787280021273	4	2854	22020096	4904960
a07b662523180685af3bc65cbb56921a38fe21ec-b4	65536	4	idle	8	1787280021397	1	2855	22597632	5000192
a07b662523180685af3bc65cbb56921a38fe21ec-b4	65536	4	idle	8	1787280021397	2	2853	22040576	4935680
a07b662523180685af3bc65cbb56921a38fe21ec-b4	65536	4	idle	8	1787280021397	3	2856	22413312	5011456
a07b662523180685af3bc65cbb56921a38fe21ec-b4	65536	4	idle	8	1787280021397	4	2854	22020096	4904960
a07b662523180685af3bc65cbb56921a38fe21ec-b4	65536	4	idle	9	1787280021513	1	2855	22597632	5000192
a07b662523180685af3bc65cbb56921a38fe21ec-b4	65536	4	idle	9	1787280021513	2	2853	22040576	4935680
a07b662523180685af3bc65cbb56921a38fe21ec-b4	65536	4	idle	9	1787280021513	3	2856	22413312	5011456
a07b662523180685af3bc65cbb56921a38fe21ec-b4	65536	4	idle	9	1787280021513	4	2854	22020096	4904960
a07b662523180685af3bc65cbb56921a38fe21ec-b4	65536	4	idle	10	1787280021631	1	2855	22597632	5000192
a07b662523180685af3bc65cbb56921a38fe21ec-b4	65536	4	idle	10	1787280021631	2	2853	22040576	4935680
a07b662523180685af3bc65cbb56921a38fe21ec-b4	65536	4	idle	10	1787280021631	3	2856	22413312	5011456
a07b662523180685af3bc65cbb56921a38fe21ec-b4	65536	4	idle	10	1787280021631	4	2854	22020096	4904960
a07b662523180685af3bc65cbb56921a38fe21ec-b4	65536	4	loaded	11	1787280023704	1	2855	110039040	78585856
a07b662523180685af3bc65cbb56921a38fe21ec-b4	65536	4	loaded	11	1787280023704	2	2853	109703168	78564352
a07b662523180685af3bc65cbb56921a38fe21ec-b4	65536	4	loaded	11	1787280023704	3	2856	109944832	78621696
a07b662523180685af3bc65cbb56921a38fe21ec-b4	65536	4	loaded	11	1787280023704	4	2854	109608960	78513152
a07b662523180685af3bc65cbb56921a38fe21ec-b4	65536	4	loaded	12	1787280023817	1	2855	110039040	78585856
a07b662523180685af3bc65cbb56921a38fe21ec-b4	65536	4	loaded	12	1787280023817	2	2853	109703168	78564352
a07b662523180685af3bc65cbb56921a38fe21ec-b4	65536	4	loaded	12	1787280023817	3	2856	109944832	78621696
a07b662523180685af3bc65cbb56921a38fe21ec-b4	65536	4	loaded	12	1787280023817	4	2854	109608960	78513152
a07b662523180685af3bc65cbb56921a38fe21ec-b4	65536	4	loaded	13	1787280023929	1	2855	110039040	78585856
a07b662523180685af3bc65cbb56921a38fe21ec-b4	65536	4	loaded	13	1787280023929	2	2853	109703168	78564352
a07b662523180685af3bc65cbb56921a38fe21ec-b4	65536	4	loaded	13	1787280023929	3	2856	109944832	78621696
a07b662523180685af3bc65cbb56921a38fe21ec-b4	65536	4	loaded	13	1787280023929	4	2854	109608960	78513152
a07b662523180685af3bc65cbb56921a38fe21ec-b4	65536	4	loaded	14	1787280024041	1	2855	110039040	78585856
a07b662523180685af3bc65cbb56921a38fe21ec-b4	65536	4	loaded	14	1787280024041	2	2853	109703168	78564352
a07b662523180685af3bc65cbb56921a38fe21ec-b4	65536	4	loaded	14	1787280024041	3	2856	109944832	78621696
a07b662523180685af3bc65cbb56921a38fe21ec-b4	65536	4	loaded	14	1787280024041	4	2854	109608960	78513152
a07b662523180685af3bc65cbb56921a38fe21ec-b4	65536	4	loaded	15	1787280024153	1	2855	110039040	78585856
a07b662523180685af3bc65cbb56921a38fe21ec-b4	65536	4	loaded	15	1787280024153	2	2853	109703168	78564352
a07b662523180685af3bc65cbb56921a38fe21ec-b4	65536	4	loaded	15	1787280024153	3	2856	109944832	78621696
a07b662523180685af3bc65cbb56921a38fe21ec-b4	65536	4	loaded	15	1787280024153	4	2854	109608960	78513152
a07b662523180685af3bc65cbb56921a38fe21ec-b4	65536	4	loaded	16	1787280024265	1	2855	110039040	78585856
a07b662523180685af3bc65cbb56921a38fe21ec-b4	65536	4	loaded	16	1787280024265	2	2853	109703168	78564352
a07b662523180685af3bc65cbb56921a38fe21ec-b4	65536	4	loaded	16	1787280024265	3	2856	109944832	78621696
a07b662523180685af3bc65cbb56921a38fe21ec-b4	65536	4	loaded	16	1787280024265	4	2854	109608960	78513152
a07b662523180685af3bc65cbb56921a38fe21ec-b4	65536	4	loaded	17	1787280024378	1	2855	110039040	78585856
a07b662523180685af3bc65cbb56921a38fe21ec-b4	65536	4	loaded	17	1787280024378	2	2853	109703168	78564352
a07b662523180685af3bc65cbb56921a38fe21ec-b4	65536	4	loaded	17	1787280024378	3	2856	109944832	78621696
a07b662523180685af3bc65cbb56921a38fe21ec-b4	65536	4	loaded	17	1787280024378	4	2854	109608960	78513152
a07b662523180685af3bc65cbb56921a38fe21ec-b4	65536	4	loaded	18	1787280024493	1	2855	110039040	78585856
a07b662523180685af3bc65cbb56921a38fe21ec-b4	65536	4	loaded	18	1787280024493	2	2853	109703168	78564352
a07b662523180685af3bc65cbb56921a38fe21ec-b4	65536	4	loaded	18	1787280024493	3	2856	109944832	78621696
a07b662523180685af3bc65cbb56921a38fe21ec-b4	65536	4	loaded	18	1787280024493	4	2854	109608960	78513152
a07b662523180685af3bc65cbb56921a38fe21ec-b4	65536	4	loaded	19	1787280024605	1	2855	110039040	78585856
a07b662523180685af3bc65cbb56921a38fe21ec-b4	65536	4	loaded	19	1787280024605	2	2853	109703168	78564352
a07b662523180685af3bc65cbb56921a38fe21ec-b4	65536	4	loaded	19	1787280024605	3	2856	109944832	78621696
a07b662523180685af3bc65cbb56921a38fe21ec-b4	65536	4	loaded	19	1787280024605	4	2854	109608960	78513152
a07b662523180685af3bc65cbb56921a38fe21ec-b4	65536	4	loaded	20	1787280024718	1	2855	110039040	78585856
a07b662523180685af3bc65cbb56921a38fe21ec-b4	65536	4	loaded	20	1787280024718	2	2853	109703168	78564352
a07b662523180685af3bc65cbb56921a38fe21ec-b4	65536	4	loaded	20	1787280024718	3	2856	109944832	78621696
a07b662523180685af3bc65cbb56921a38fe21ec-b4	65536	4	loaded	20	1787280024718	4	2854	109608960	78513152
a07b662523180685af3bc65cbb56921a38fe21ec-b4	65536	4	loaded	21	1787280024832	1	2855	110039040	78585856
a07b662523180685af3bc65cbb56921a38fe21ec-b4	65536	4	loaded	21	1787280024832	2	2853	109703168	78564352
a07b662523180685af3bc65cbb56921a38fe21ec-b4	65536	4	loaded	21	1787280024832	3	2856	109944832	78621696
a07b662523180685af3bc65cbb56921a38fe21ec-b4	65536	4	loaded	21	1787280024832	4	2854	109608960	78513152
a07b662523180685af3bc65cbb56921a38fe21ec-b4	65536	4	loaded	22	1787280024952	1	2855	110039040	78585856
a07b662523180685af3bc65cbb56921a38fe21ec-b4	65536	4	loaded	22	1787280024952	2	2853	109703168	78564352
a07b662523180685af3bc65cbb56921a38fe21ec-b4	65536	4	loaded	22	1787280024952	3	2856	109944832	78621696
a07b662523180685af3bc65cbb56921a38fe21ec-b4	65536	4	loaded	22	1787280024952	4	2854	109608960	78513152
a07b662523180685af3bc65cbb56921a38fe21ec-b4	65536	4	loaded	23	1787280025069	1	2855	110039040	78585856
a07b662523180685af3bc65cbb56921a38fe21ec-b4	65536	4	loaded	23	1787280025069	2	2853	109703168	78564352
a07b662523180685af3bc65cbb56921a38fe21ec-b4	65536	4	loaded	23	1787280025069	3	2856	109944832	78621696
a07b662523180685af3bc65cbb56921a38fe21ec-b4	65536	4	loaded	23	1787280025069	4	2854	109608960	78513152
a07b662523180685af3bc65cbb56921a38fe21ec-b4	65536	4	loaded	24	1787280025181	1	2855	110039040	78585856
a07b662523180685af3bc65cbb56921a38fe21ec-b4	65536	4	loaded	24	1787280025181	2	2853	109703168	78564352
a07b662523180685af3bc65cbb56921a38fe21ec-b4	65536	4	loaded	24	1787280025181	3	2856	109944832	78621696
a07b662523180685af3bc65cbb56921a38fe21ec-b4	65536	4	loaded	24	1787280025181	4	2854	109608960	78513152
a07b662523180685af3bc65cbb56921a38fe21ec-b4	65536	4	loaded	25	1787280025299	1	2855	110039040	78585856
a07b662523180685af3bc65cbb56921a38fe21ec-b4	65536	4	loaded	25	1787280025299	2	2853	109703168	78564352
a07b662523180685af3bc65cbb56921a38fe21ec-b4	65536	4	loaded	25	1787280025299	3	2856	109944832	78621696
a07b662523180685af3bc65cbb56921a38fe21ec-b4	65536	4	loaded	25	1787280025299	4	2854	109608960	78513152
a07b662523180685af3bc65cbb56921a38fe21ec-b4	65536	4	loaded	26	1787280025415	1	2855	110039040	78585856
a07b662523180685af3bc65cbb56921a38fe21ec-b4	65536	4	loaded	26	1787280025415	2	2853	109703168	78564352
a07b662523180685af3bc65cbb56921a38fe21ec-b4	65536	4	loaded	26	1787280025415	3	2856	109944832	78621696
a07b662523180685af3bc65cbb56921a38fe21ec-b4	65536	4	loaded	26	1787280025415	4	2854	109608960	78513152
a07b662523180685af3bc65cbb56921a38fe21ec-b4	65536	4	loaded	27	1787280025534	1	2855	110039040	78585856
a07b662523180685af3bc65cbb56921a38fe21ec-b4	65536	4	loaded	27	1787280025534	2	2853	109703168	78564352
a07b662523180685af3bc65cbb56921a38fe21ec-b4	65536	4	loaded	27	1787280025534	3	2856	109944832	78621696
a07b662523180685af3bc65cbb56921a38fe21ec-b4	65536	4	loaded	27	1787280025534	4	2854	109608960	78513152
a07b662523180685af3bc65cbb56921a38fe21ec-b4	65536	4	loaded	28	1787280025648	1	2855	110039040	78585856
a07b662523180685af3bc65cbb56921a38fe21ec-b4	65536	4	loaded	28	1787280025648	2	2853	109703168	78564352
a07b662523180685af3bc65cbb56921a38fe21ec-b4	65536	4	loaded	28	1787280025648	3	2856	109944832	78621696
a07b662523180685af3bc65cbb56921a38fe21ec-b4	65536	4	loaded	28	1787280025648	4	2854	109608960	78513152
a07b662523180685af3bc65cbb56921a38fe21ec-b4	65536	4	loaded	29	1787280025764	1	2855	110039040	78585856
a07b662523180685af3bc65cbb56921a38fe21ec-b4	65536	4	loaded	29	1787280025764	2	2853	109703168	78564352
a07b662523180685af3bc65cbb56921a38fe21ec-b4	65536	4	loaded	29	1787280025764	3	2856	109944832	78621696
a07b662523180685af3bc65cbb56921a38fe21ec-b4	65536	4	loaded	29	1787280025764	4	2854	109608960	78513152
a07b662523180685af3bc65cbb56921a38fe21ec-b4	65536	4	loaded	30	1787280025877	1	2855	110039040	78585856
a07b662523180685af3bc65cbb56921a38fe21ec-b4	65536	4	loaded	30	1787280025877	2	2853	109703168	78564352
a07b662523180685af3bc65cbb56921a38fe21ec-b4	65536	4	loaded	30	1787280025877	3	2856	109944832	78621696
a07b662523180685af3bc65cbb56921a38fe21ec-b4	65536	4	loaded	30	1787280025877	4	2854	109608960	78513152
a07b662523180685af3bc65cbb56921a38fe21ec-b4	65536	4	query	31	1787280026154	1	2855	112197632	79602688
a07b662523180685af3bc65cbb56921a38fe21ec-b4	65536	4	query	31	1787280026154	2	2853	112300032	79583232
a07b662523180685af3bc65cbb56921a38fe21ec-b4	65536	4	query	31	1787280026154	3	2856	112173056	79641600
a07b662523180685af3bc65cbb56921a38fe21ec-b4	65536	4	query	31	1787280026154	4	2854	111775744	79540224
a07b662523180685af3bc65cbb56921a38fe21ec-b4	65536	4	query	32	1787280026246	1	2855	112201728	79606784
a07b662523180685af3bc65cbb56921a38fe21ec-b4	65536	4	query	32	1787280026246	2	2853	113750016	79592448
a07b662523180685af3bc65cbb56921a38fe21ec-b4	65536	4	query	32	1787280026246	3	2856	112181248	79649792
a07b662523180685af3bc65cbb56921a38fe21ec-b4	65536	4	query	32	1787280026246	4	2854	111783936	79548416
a07b662523180685af3bc65cbb56921a38fe21ec-b4	65536	4	query	33	1787280026338	1	2855	112201728	79606784
a07b662523180685af3bc65cbb56921a38fe21ec-b4	65536	4	query	33	1787280026338	2	2853	112308224	79591424
a07b662523180685af3bc65cbb56921a38fe21ec-b4	65536	4	query	33	1787280026338	3	2856	112181248	79649792
a07b662523180685af3bc65cbb56921a38fe21ec-b4	65536	4	query	33	1787280026338	4	2854	113016832	80994304
a07b662523180685af3bc65cbb56921a38fe21ec-b4	65536	4	query	34	1787280026432	1	2855	112201728	79606784
a07b662523180685af3bc65cbb56921a38fe21ec-b4	65536	4	query	34	1787280026432	2	2853	112308224	79591424
a07b662523180685af3bc65cbb56921a38fe21ec-b4	65536	4	query	34	1787280026432	3	2856	112181248	79649792
a07b662523180685af3bc65cbb56921a38fe21ec-b4	65536	4	query	34	1787280026432	4	2854	111837184	79548416
a07b662523180685af3bc65cbb56921a38fe21ec-b4	65536	4	query	35	1787280026529	1	2855	112201728	79609856
a07b662523180685af3bc65cbb56921a38fe21ec-b4	65536	4	query	35	1787280026529	2	2853	112308224	79595520
a07b662523180685af3bc65cbb56921a38fe21ec-b4	65536	4	query	35	1787280026529	3	2856	112275456	80238592
a07b662523180685af3bc65cbb56921a38fe21ec-b4	65536	4	query	35	1787280026529	4	2854	111837184	79552512
a07b662523180685af3bc65cbb56921a38fe21ec-b4	65536	4	query	36	1787280026627	1	2855	112205824	79613952
a07b662523180685af3bc65cbb56921a38fe21ec-b4	65536	4	query	36	1787280026627	2	2853	112308224	79595520
a07b662523180685af3bc65cbb56921a38fe21ec-b4	65536	4	query	36	1787280026627	3	2856	112275456	79796224
a07b662523180685af3bc65cbb56921a38fe21ec-b4	65536	4	query	36	1787280026627	4	2854	111837184	79552512
a07b662523180685af3bc65cbb56921a38fe21ec-b4	65536	4	query	37	1787280026719	1	2855	112992256	81010688
a07b662523180685af3bc65cbb56921a38fe21ec-b4	65536	4	query	37	1787280026719	2	2853	112308224	79595520
a07b662523180685af3bc65cbb56921a38fe21ec-b4	65536	4	query	37	1787280026719	3	2856	112275456	79652864
a07b662523180685af3bc65cbb56921a38fe21ec-b4	65536	4	query	37	1787280026719	4	2854	111910912	79552512
a07b662523180685af3bc65cbb56921a38fe21ec-b4	65536	4	query	38	1787280026812	1	2855	112205824	79613952
a07b662523180685af3bc65cbb56921a38fe21ec-b4	65536	4	query	38	1787280026812	2	2853	112308224	79595520
a07b662523180685af3bc65cbb56921a38fe21ec-b4	65536	4	query	38	1787280026812	3	2856	112275456	79652864
a07b662523180685af3bc65cbb56921a38fe21ec-b4	65536	4	query	38	1787280026812	4	2854	111910912	79552512
a07b662523180685af3bc65cbb56921a38fe21ec-b4	65536	4	query	39	1787280026902	1	2855	112205824	79613952
a07b662523180685af3bc65cbb56921a38fe21ec-b4	65536	4	query	39	1787280026902	2	2853	112308224	79595520
a07b662523180685af3bc65cbb56921a38fe21ec-b4	65536	4	query	39	1787280026902	3	2856	112275456	79652864
a07b662523180685af3bc65cbb56921a38fe21ec-b4	65536	4	query	39	1787280026902	4	2854	111910912	79552512
a07b662523180685af3bc65cbb56921a38fe21ec-b4	65536	4	query	40	1787280026993	1	2855	112205824	79613952
a07b662523180685af3bc65cbb56921a38fe21ec-b4	65536	4	query	40	1787280026993	2	2853	112308224	79853568
a07b662523180685af3bc65cbb56921a38fe21ec-b4	65536	4	query	40	1787280026993	3	2856	112275456	79652864
a07b662523180685af3bc65cbb56921a38fe21ec-b4	65536	4	query	40	1787280026993	4	2854	111939584	79552512
a07b662523180685af3bc65cbb56921a38fe21ec-b8	65536	8	idle	1	1787280076409	1	4028	21958656	3398656
a07b662523180685af3bc65cbb56921a38fe21ec-b8	65536	8	idle	1	1787280076409	2	4027	21938176	3404800
a07b662523180685af3bc65cbb56921a38fe21ec-b8	65536	8	idle	1	1787280076409	3	4026	21966848	3389440
a07b662523180685af3bc65cbb56921a38fe21ec-b8	65536	8	idle	1	1787280076409	4	4032	22327296	3398656
a07b662523180685af3bc65cbb56921a38fe21ec-b8	65536	8	idle	1	1787280076409	5	4030	22093824	3399680
a07b662523180685af3bc65cbb56921a38fe21ec-b8	65536	8	idle	1	1787280076409	6	4031	22327296	3398656
a07b662523180685af3bc65cbb56921a38fe21ec-b8	65536	8	idle	1	1787280076409	7	4029	22327296	3398656
a07b662523180685af3bc65cbb56921a38fe21ec-b8	65536	8	idle	1	1787280076409	8	4033	22327296	3398656
a07b662523180685af3bc65cbb56921a38fe21ec-b8	65536	8	idle	2	1787280076530	1	4028	21958656	3398656
a07b662523180685af3bc65cbb56921a38fe21ec-b8	65536	8	idle	2	1787280076530	2	4027	21938176	3404800
a07b662523180685af3bc65cbb56921a38fe21ec-b8	65536	8	idle	2	1787280076530	3	4026	21966848	3389440
a07b662523180685af3bc65cbb56921a38fe21ec-b8	65536	8	idle	2	1787280076530	4	4032	22327296	3398656
a07b662523180685af3bc65cbb56921a38fe21ec-b8	65536	8	idle	2	1787280076530	5	4030	22093824	3399680
a07b662523180685af3bc65cbb56921a38fe21ec-b8	65536	8	idle	2	1787280076530	6	4031	22327296	3398656
a07b662523180685af3bc65cbb56921a38fe21ec-b8	65536	8	idle	2	1787280076530	7	4029	22327296	3398656
a07b662523180685af3bc65cbb56921a38fe21ec-b8	65536	8	idle	2	1787280076530	8	4033	22327296	3398656
a07b662523180685af3bc65cbb56921a38fe21ec-b8	65536	8	idle	3	1787280076655	1	4028	21958656	3398656
a07b662523180685af3bc65cbb56921a38fe21ec-b8	65536	8	idle	3	1787280076655	2	4027	21938176	3404800
a07b662523180685af3bc65cbb56921a38fe21ec-b8	65536	8	idle	3	1787280076655	3	4026	21966848	3389440
a07b662523180685af3bc65cbb56921a38fe21ec-b8	65536	8	idle	3	1787280076655	4	4032	22327296	3398656
a07b662523180685af3bc65cbb56921a38fe21ec-b8	65536	8	idle	3	1787280076655	5	4030	22093824	3399680
a07b662523180685af3bc65cbb56921a38fe21ec-b8	65536	8	idle	3	1787280076655	6	4031	22327296	3398656
a07b662523180685af3bc65cbb56921a38fe21ec-b8	65536	8	idle	3	1787280076655	7	4029	22327296	3398656
a07b662523180685af3bc65cbb56921a38fe21ec-b8	65536	8	idle	3	1787280076655	8	4033	22327296	3398656
a07b662523180685af3bc65cbb56921a38fe21ec-b8	65536	8	idle	4	1787280076771	1	4028	21958656	3398656
a07b662523180685af3bc65cbb56921a38fe21ec-b8	65536	8	idle	4	1787280076771	2	4027	21938176	3404800
a07b662523180685af3bc65cbb56921a38fe21ec-b8	65536	8	idle	4	1787280076771	3	4026	21966848	3389440
a07b662523180685af3bc65cbb56921a38fe21ec-b8	65536	8	idle	4	1787280076771	4	4032	22327296	3398656
a07b662523180685af3bc65cbb56921a38fe21ec-b8	65536	8	idle	4	1787280076771	5	4030	22093824	3399680
a07b662523180685af3bc65cbb56921a38fe21ec-b8	65536	8	idle	4	1787280076771	6	4031	22327296	3398656
a07b662523180685af3bc65cbb56921a38fe21ec-b8	65536	8	idle	4	1787280076771	7	4029	22327296	3398656
a07b662523180685af3bc65cbb56921a38fe21ec-b8	65536	8	idle	4	1787280076771	8	4033	22327296	3398656
a07b662523180685af3bc65cbb56921a38fe21ec-b8	65536	8	idle	5	1787280076890	1	4028	21958656	3398656
a07b662523180685af3bc65cbb56921a38fe21ec-b8	65536	8	idle	5	1787280076890	2	4027	21938176	3404800
a07b662523180685af3bc65cbb56921a38fe21ec-b8	65536	8	idle	5	1787280076890	3	4026	21966848	3389440
a07b662523180685af3bc65cbb56921a38fe21ec-b8	65536	8	idle	5	1787280076890	4	4032	22327296	3398656
a07b662523180685af3bc65cbb56921a38fe21ec-b8	65536	8	idle	5	1787280076890	5	4030	22093824	3399680
a07b662523180685af3bc65cbb56921a38fe21ec-b8	65536	8	idle	5	1787280076890	6	4031	22327296	3398656
a07b662523180685af3bc65cbb56921a38fe21ec-b8	65536	8	idle	5	1787280076890	7	4029	22327296	3398656
a07b662523180685af3bc65cbb56921a38fe21ec-b8	65536	8	idle	5	1787280076890	8	4033	22327296	3398656
a07b662523180685af3bc65cbb56921a38fe21ec-b8	65536	8	idle	6	1787280077012	1	4028	21958656	3398656
a07b662523180685af3bc65cbb56921a38fe21ec-b8	65536	8	idle	6	1787280077012	2	4027	21938176	3404800
a07b662523180685af3bc65cbb56921a38fe21ec-b8	65536	8	idle	6	1787280077012	3	4026	21966848	3389440
a07b662523180685af3bc65cbb56921a38fe21ec-b8	65536	8	idle	6	1787280077012	4	4032	22327296	3398656
a07b662523180685af3bc65cbb56921a38fe21ec-b8	65536	8	idle	6	1787280077012	5	4030	22093824	3399680
a07b662523180685af3bc65cbb56921a38fe21ec-b8	65536	8	idle	6	1787280077012	6	4031	22327296	3398656
a07b662523180685af3bc65cbb56921a38fe21ec-b8	65536	8	idle	6	1787280077012	7	4029	22327296	3398656
a07b662523180685af3bc65cbb56921a38fe21ec-b8	65536	8	idle	6	1787280077012	8	4033	22327296	3398656
a07b662523180685af3bc65cbb56921a38fe21ec-b8	65536	8	idle	7	1787280077140	1	4028	21958656	3398656
a07b662523180685af3bc65cbb56921a38fe21ec-b8	65536	8	idle	7	1787280077140	2	4027	21938176	3404800
a07b662523180685af3bc65cbb56921a38fe21ec-b8	65536	8	idle	7	1787280077140	3	4026	21966848	3389440
a07b662523180685af3bc65cbb56921a38fe21ec-b8	65536	8	idle	7	1787280077140	4	4032	22327296	3398656
a07b662523180685af3bc65cbb56921a38fe21ec-b8	65536	8	idle	7	1787280077140	5	4030	22093824	3399680
a07b662523180685af3bc65cbb56921a38fe21ec-b8	65536	8	idle	7	1787280077140	6	4031	22327296	3398656
a07b662523180685af3bc65cbb56921a38fe21ec-b8	65536	8	idle	7	1787280077140	7	4029	22327296	3398656
a07b662523180685af3bc65cbb56921a38fe21ec-b8	65536	8	idle	7	1787280077140	8	4033	22327296	3398656
a07b662523180685af3bc65cbb56921a38fe21ec-b8	65536	8	idle	8	1787280077271	1	4028	21958656	3398656
a07b662523180685af3bc65cbb56921a38fe21ec-b8	65536	8	idle	8	1787280077271	2	4027	21938176	3404800
a07b662523180685af3bc65cbb56921a38fe21ec-b8	65536	8	idle	8	1787280077271	3	4026	21966848	3389440
a07b662523180685af3bc65cbb56921a38fe21ec-b8	65536	8	idle	8	1787280077271	4	4032	22327296	3398656
a07b662523180685af3bc65cbb56921a38fe21ec-b8	65536	8	idle	8	1787280077271	5	4030	22093824	3399680
a07b662523180685af3bc65cbb56921a38fe21ec-b8	65536	8	idle	8	1787280077271	6	4031	22327296	3398656
a07b662523180685af3bc65cbb56921a38fe21ec-b8	65536	8	idle	8	1787280077271	7	4029	22327296	3398656
a07b662523180685af3bc65cbb56921a38fe21ec-b8	65536	8	idle	8	1787280077271	8	4033	22327296	3398656
a07b662523180685af3bc65cbb56921a38fe21ec-b8	65536	8	idle	9	1787280077395	1	4028	21958656	3398656
a07b662523180685af3bc65cbb56921a38fe21ec-b8	65536	8	idle	9	1787280077395	2	4027	21938176	3404800
a07b662523180685af3bc65cbb56921a38fe21ec-b8	65536	8	idle	9	1787280077395	3	4026	21966848	3389440
a07b662523180685af3bc65cbb56921a38fe21ec-b8	65536	8	idle	9	1787280077395	4	4032	22327296	3398656
a07b662523180685af3bc65cbb56921a38fe21ec-b8	65536	8	idle	9	1787280077395	5	4030	22093824	3399680
a07b662523180685af3bc65cbb56921a38fe21ec-b8	65536	8	idle	9	1787280077395	6	4031	22327296	3398656
a07b662523180685af3bc65cbb56921a38fe21ec-b8	65536	8	idle	9	1787280077395	7	4029	22327296	3398656
a07b662523180685af3bc65cbb56921a38fe21ec-b8	65536	8	idle	9	1787280077395	8	4033	22327296	3398656
a07b662523180685af3bc65cbb56921a38fe21ec-b8	65536	8	idle	10	1787280077517	1	4028	21958656	3398656
a07b662523180685af3bc65cbb56921a38fe21ec-b8	65536	8	idle	10	1787280077517	2	4027	21938176	3404800
a07b662523180685af3bc65cbb56921a38fe21ec-b8	65536	8	idle	10	1787280077517	3	4026	21966848	3389440
a07b662523180685af3bc65cbb56921a38fe21ec-b8	65536	8	idle	10	1787280077517	4	4032	22327296	3398656
a07b662523180685af3bc65cbb56921a38fe21ec-b8	65536	8	idle	10	1787280077517	5	4030	22093824	3399680
a07b662523180685af3bc65cbb56921a38fe21ec-b8	65536	8	idle	10	1787280077517	6	4031	22327296	3398656
a07b662523180685af3bc65cbb56921a38fe21ec-b8	65536	8	idle	10	1787280077517	7	4029	22327296	3398656
a07b662523180685af3bc65cbb56921a38fe21ec-b8	65536	8	idle	10	1787280077517	8	4033	22327296	3398656
a07b662523180685af3bc65cbb56921a38fe21ec-b8	65536	8	loaded	11	1787280079972	1	4028	109846528	74705920
a07b662523180685af3bc65cbb56921a38fe21ec-b8	65536	8	loaded	11	1787280079972	2	4027	108834816	74612736
a07b662523180685af3bc65cbb56921a38fe21ec-b8	65536	8	loaded	11	1787280079972	3	4026	109518848	74697728
a07b662523180685af3bc65cbb56921a38fe21ec-b8	65536	8	loaded	11	1787280079972	4	4032	109842432	74705920
a07b662523180685af3bc65cbb56921a38fe21ec-b8	65536	8	loaded	11	1787280079972	5	4030	109608960	74706944
a07b662523180685af3bc65cbb56921a38fe21ec-b8	65536	8	loaded	11	1787280079972	6	4031	109875200	74705920
a07b662523180685af3bc65cbb56921a38fe21ec-b8	65536	8	loaded	11	1787280079972	7	4029	109699072	74672128
a07b662523180685af3bc65cbb56921a38fe21ec-b8	65536	8	loaded	11	1787280079972	8	4033	109383680	74658816
a07b662523180685af3bc65cbb56921a38fe21ec-b8	65536	8	loaded	12	1787280080090	1	4028	109846528	74705920
a07b662523180685af3bc65cbb56921a38fe21ec-b8	65536	8	loaded	12	1787280080090	2	4027	108834816	74612736
a07b662523180685af3bc65cbb56921a38fe21ec-b8	65536	8	loaded	12	1787280080090	3	4026	109518848	74697728
a07b662523180685af3bc65cbb56921a38fe21ec-b8	65536	8	loaded	12	1787280080090	4	4032	109842432	74705920
a07b662523180685af3bc65cbb56921a38fe21ec-b8	65536	8	loaded	12	1787280080090	5	4030	109608960	74706944
a07b662523180685af3bc65cbb56921a38fe21ec-b8	65536	8	loaded	12	1787280080090	6	4031	109875200	74705920
a07b662523180685af3bc65cbb56921a38fe21ec-b8	65536	8	loaded	12	1787280080090	7	4029	109699072	74672128
a07b662523180685af3bc65cbb56921a38fe21ec-b8	65536	8	loaded	12	1787280080090	8	4033	109383680	74658816
a07b662523180685af3bc65cbb56921a38fe21ec-b8	65536	8	loaded	13	1787280080207	1	4028	109846528	74705920
a07b662523180685af3bc65cbb56921a38fe21ec-b8	65536	8	loaded	13	1787280080207	2	4027	108834816	74612736
a07b662523180685af3bc65cbb56921a38fe21ec-b8	65536	8	loaded	13	1787280080207	3	4026	109518848	74697728
a07b662523180685af3bc65cbb56921a38fe21ec-b8	65536	8	loaded	13	1787280080207	4	4032	109842432	74705920
a07b662523180685af3bc65cbb56921a38fe21ec-b8	65536	8	loaded	13	1787280080207	5	4030	109608960	74706944
a07b662523180685af3bc65cbb56921a38fe21ec-b8	65536	8	loaded	13	1787280080207	6	4031	109875200	74705920
a07b662523180685af3bc65cbb56921a38fe21ec-b8	65536	8	loaded	13	1787280080207	7	4029	109699072	74672128
a07b662523180685af3bc65cbb56921a38fe21ec-b8	65536	8	loaded	13	1787280080207	8	4033	109383680	74658816
a07b662523180685af3bc65cbb56921a38fe21ec-b8	65536	8	loaded	14	1787280080326	1	4028	109846528	74705920
a07b662523180685af3bc65cbb56921a38fe21ec-b8	65536	8	loaded	14	1787280080326	2	4027	108834816	74612736
a07b662523180685af3bc65cbb56921a38fe21ec-b8	65536	8	loaded	14	1787280080326	3	4026	109518848	74697728
a07b662523180685af3bc65cbb56921a38fe21ec-b8	65536	8	loaded	14	1787280080326	4	4032	109842432	74705920
a07b662523180685af3bc65cbb56921a38fe21ec-b8	65536	8	loaded	14	1787280080326	5	4030	109608960	74706944
a07b662523180685af3bc65cbb56921a38fe21ec-b8	65536	8	loaded	14	1787280080326	6	4031	109875200	74705920
a07b662523180685af3bc65cbb56921a38fe21ec-b8	65536	8	loaded	14	1787280080326	7	4029	109699072	74672128
a07b662523180685af3bc65cbb56921a38fe21ec-b8	65536	8	loaded	14	1787280080326	8	4033	109383680	74658816
a07b662523180685af3bc65cbb56921a38fe21ec-b8	65536	8	loaded	15	1787280080445	1	4028	109846528	74705920
a07b662523180685af3bc65cbb56921a38fe21ec-b8	65536	8	loaded	15	1787280080445	2	4027	108834816	74612736
a07b662523180685af3bc65cbb56921a38fe21ec-b8	65536	8	loaded	15	1787280080445	3	4026	109518848	74697728
a07b662523180685af3bc65cbb56921a38fe21ec-b8	65536	8	loaded	15	1787280080445	4	4032	109842432	74705920
a07b662523180685af3bc65cbb56921a38fe21ec-b8	65536	8	loaded	15	1787280080445	5	4030	109608960	74706944
a07b662523180685af3bc65cbb56921a38fe21ec-b8	65536	8	loaded	15	1787280080445	6	4031	109875200	74705920
a07b662523180685af3bc65cbb56921a38fe21ec-b8	65536	8	loaded	15	1787280080445	7	4029	109699072	74672128
a07b662523180685af3bc65cbb56921a38fe21ec-b8	65536	8	loaded	15	1787280080445	8	4033	109383680	74658816
a07b662523180685af3bc65cbb56921a38fe21ec-b8	65536	8	loaded	16	1787280080567	1	4028	109846528	74705920
a07b662523180685af3bc65cbb56921a38fe21ec-b8	65536	8	loaded	16	1787280080567	2	4027	108834816	74612736
a07b662523180685af3bc65cbb56921a38fe21ec-b8	65536	8	loaded	16	1787280080567	3	4026	109518848	74697728
a07b662523180685af3bc65cbb56921a38fe21ec-b8	65536	8	loaded	16	1787280080567	4	4032	109842432	74705920
a07b662523180685af3bc65cbb56921a38fe21ec-b8	65536	8	loaded	16	1787280080567	5	4030	109608960	74706944
a07b662523180685af3bc65cbb56921a38fe21ec-b8	65536	8	loaded	16	1787280080567	6	4031	109875200	74705920
a07b662523180685af3bc65cbb56921a38fe21ec-b8	65536	8	loaded	16	1787280080567	7	4029	109699072	74672128
a07b662523180685af3bc65cbb56921a38fe21ec-b8	65536	8	loaded	16	1787280080567	8	4033	109383680	74658816
a07b662523180685af3bc65cbb56921a38fe21ec-b8	65536	8	loaded	17	1787280080689	1	4028	109846528	74705920
a07b662523180685af3bc65cbb56921a38fe21ec-b8	65536	8	loaded	17	1787280080689	2	4027	108834816	74612736
a07b662523180685af3bc65cbb56921a38fe21ec-b8	65536	8	loaded	17	1787280080689	3	4026	109518848	74697728
a07b662523180685af3bc65cbb56921a38fe21ec-b8	65536	8	loaded	17	1787280080689	4	4032	109842432	74705920
a07b662523180685af3bc65cbb56921a38fe21ec-b8	65536	8	loaded	17	1787280080689	5	4030	109608960	74706944
a07b662523180685af3bc65cbb56921a38fe21ec-b8	65536	8	loaded	17	1787280080689	6	4031	109875200	74705920
a07b662523180685af3bc65cbb56921a38fe21ec-b8	65536	8	loaded	17	1787280080689	7	4029	109699072	74672128
a07b662523180685af3bc65cbb56921a38fe21ec-b8	65536	8	loaded	17	1787280080689	8	4033	109383680	74658816
a07b662523180685af3bc65cbb56921a38fe21ec-b8	65536	8	loaded	18	1787280080807	1	4028	109846528	74705920
a07b662523180685af3bc65cbb56921a38fe21ec-b8	65536	8	loaded	18	1787280080807	2	4027	108834816	74612736
a07b662523180685af3bc65cbb56921a38fe21ec-b8	65536	8	loaded	18	1787280080807	3	4026	109518848	74697728
a07b662523180685af3bc65cbb56921a38fe21ec-b8	65536	8	loaded	18	1787280080807	4	4032	109842432	74705920
a07b662523180685af3bc65cbb56921a38fe21ec-b8	65536	8	loaded	18	1787280080807	5	4030	109608960	74706944
a07b662523180685af3bc65cbb56921a38fe21ec-b8	65536	8	loaded	18	1787280080807	6	4031	109875200	74705920
a07b662523180685af3bc65cbb56921a38fe21ec-b8	65536	8	loaded	18	1787280080807	7	4029	109699072	74672128
a07b662523180685af3bc65cbb56921a38fe21ec-b8	65536	8	loaded	18	1787280080807	8	4033	109383680	74658816
a07b662523180685af3bc65cbb56921a38fe21ec-b8	65536	8	loaded	19	1787280080937	1	4028	109846528	74705920
a07b662523180685af3bc65cbb56921a38fe21ec-b8	65536	8	loaded	19	1787280080937	2	4027	108834816	74612736
a07b662523180685af3bc65cbb56921a38fe21ec-b8	65536	8	loaded	19	1787280080937	3	4026	109518848	74697728
a07b662523180685af3bc65cbb56921a38fe21ec-b8	65536	8	loaded	19	1787280080937	4	4032	109842432	74705920
a07b662523180685af3bc65cbb56921a38fe21ec-b8	65536	8	loaded	19	1787280080937	5	4030	109608960	74706944
a07b662523180685af3bc65cbb56921a38fe21ec-b8	65536	8	loaded	19	1787280080937	6	4031	109875200	74705920
a07b662523180685af3bc65cbb56921a38fe21ec-b8	65536	8	loaded	19	1787280080937	7	4029	109699072	74672128
a07b662523180685af3bc65cbb56921a38fe21ec-b8	65536	8	loaded	19	1787280080937	8	4033	109383680	74658816
a07b662523180685af3bc65cbb56921a38fe21ec-b8	65536	8	loaded	20	1787280081059	1	4028	109846528	74705920
a07b662523180685af3bc65cbb56921a38fe21ec-b8	65536	8	loaded	20	1787280081059	2	4027	108834816	74612736
a07b662523180685af3bc65cbb56921a38fe21ec-b8	65536	8	loaded	20	1787280081059	3	4026	109518848	74697728
a07b662523180685af3bc65cbb56921a38fe21ec-b8	65536	8	loaded	20	1787280081059	4	4032	109842432	74705920
a07b662523180685af3bc65cbb56921a38fe21ec-b8	65536	8	loaded	20	1787280081059	5	4030	109608960	74706944
a07b662523180685af3bc65cbb56921a38fe21ec-b8	65536	8	loaded	20	1787280081059	6	4031	109875200	74705920
a07b662523180685af3bc65cbb56921a38fe21ec-b8	65536	8	loaded	20	1787280081059	7	4029	109699072	74672128
a07b662523180685af3bc65cbb56921a38fe21ec-b8	65536	8	loaded	20	1787280081059	8	4033	109383680	74658816
a07b662523180685af3bc65cbb56921a38fe21ec-b8	65536	8	loaded	21	1787280081183	1	4028	109846528	74705920
a07b662523180685af3bc65cbb56921a38fe21ec-b8	65536	8	loaded	21	1787280081183	2	4027	108834816	74612736
a07b662523180685af3bc65cbb56921a38fe21ec-b8	65536	8	loaded	21	1787280081183	3	4026	109518848	74697728
a07b662523180685af3bc65cbb56921a38fe21ec-b8	65536	8	loaded	21	1787280081183	4	4032	109842432	74705920
a07b662523180685af3bc65cbb56921a38fe21ec-b8	65536	8	loaded	21	1787280081183	5	4030	109608960	74706944
a07b662523180685af3bc65cbb56921a38fe21ec-b8	65536	8	loaded	21	1787280081183	6	4031	109875200	74705920
a07b662523180685af3bc65cbb56921a38fe21ec-b8	65536	8	loaded	21	1787280081183	7	4029	109699072	74672128
a07b662523180685af3bc65cbb56921a38fe21ec-b8	65536	8	loaded	21	1787280081183	8	4033	109383680	74658816
a07b662523180685af3bc65cbb56921a38fe21ec-b8	65536	8	loaded	22	1787280081306	1	4028	109846528	74705920
a07b662523180685af3bc65cbb56921a38fe21ec-b8	65536	8	loaded	22	1787280081306	2	4027	108834816	74612736
a07b662523180685af3bc65cbb56921a38fe21ec-b8	65536	8	loaded	22	1787280081306	3	4026	109518848	74697728
a07b662523180685af3bc65cbb56921a38fe21ec-b8	65536	8	loaded	22	1787280081306	4	4032	109842432	74705920
a07b662523180685af3bc65cbb56921a38fe21ec-b8	65536	8	loaded	22	1787280081306	5	4030	109608960	74706944
a07b662523180685af3bc65cbb56921a38fe21ec-b8	65536	8	loaded	22	1787280081306	6	4031	109875200	74705920
a07b662523180685af3bc65cbb56921a38fe21ec-b8	65536	8	loaded	22	1787280081306	7	4029	109699072	74672128
a07b662523180685af3bc65cbb56921a38fe21ec-b8	65536	8	loaded	22	1787280081306	8	4033	109383680	74658816
a07b662523180685af3bc65cbb56921a38fe21ec-b8	65536	8	loaded	23	1787280081431	1	4028	109846528	74705920
a07b662523180685af3bc65cbb56921a38fe21ec-b8	65536	8	loaded	23	1787280081431	2	4027	108834816	74612736
a07b662523180685af3bc65cbb56921a38fe21ec-b8	65536	8	loaded	23	1787280081431	3	4026	109518848	74697728
a07b662523180685af3bc65cbb56921a38fe21ec-b8	65536	8	loaded	23	1787280081431	4	4032	109842432	74705920
a07b662523180685af3bc65cbb56921a38fe21ec-b8	65536	8	loaded	23	1787280081431	5	4030	109608960	74706944
a07b662523180685af3bc65cbb56921a38fe21ec-b8	65536	8	loaded	23	1787280081431	6	4031	109875200	74705920
a07b662523180685af3bc65cbb56921a38fe21ec-b8	65536	8	loaded	23	1787280081431	7	4029	109699072	74672128
a07b662523180685af3bc65cbb56921a38fe21ec-b8	65536	8	loaded	23	1787280081431	8	4033	109383680	74658816
a07b662523180685af3bc65cbb56921a38fe21ec-b8	65536	8	loaded	24	1787280081562	1	4028	109846528	74705920
a07b662523180685af3bc65cbb56921a38fe21ec-b8	65536	8	loaded	24	1787280081562	2	4027	108834816	74612736
a07b662523180685af3bc65cbb56921a38fe21ec-b8	65536	8	loaded	24	1787280081562	3	4026	109518848	74697728
a07b662523180685af3bc65cbb56921a38fe21ec-b8	65536	8	loaded	24	1787280081562	4	4032	109842432	74705920
a07b662523180685af3bc65cbb56921a38fe21ec-b8	65536	8	loaded	24	1787280081562	5	4030	109608960	74706944
a07b662523180685af3bc65cbb56921a38fe21ec-b8	65536	8	loaded	24	1787280081562	6	4031	109875200	74705920
a07b662523180685af3bc65cbb56921a38fe21ec-b8	65536	8	loaded	24	1787280081562	7	4029	109699072	74672128
a07b662523180685af3bc65cbb56921a38fe21ec-b8	65536	8	loaded	24	1787280081562	8	4033	109383680	74658816
a07b662523180685af3bc65cbb56921a38fe21ec-b8	65536	8	loaded	25	1787280081686	1	4028	109846528	74705920
a07b662523180685af3bc65cbb56921a38fe21ec-b8	65536	8	loaded	25	1787280081686	2	4027	108834816	74612736
a07b662523180685af3bc65cbb56921a38fe21ec-b8	65536	8	loaded	25	1787280081686	3	4026	109518848	74697728
a07b662523180685af3bc65cbb56921a38fe21ec-b8	65536	8	loaded	25	1787280081686	4	4032	109842432	74705920
a07b662523180685af3bc65cbb56921a38fe21ec-b8	65536	8	loaded	25	1787280081686	5	4030	109608960	74706944
a07b662523180685af3bc65cbb56921a38fe21ec-b8	65536	8	loaded	25	1787280081686	6	4031	109875200	74705920
a07b662523180685af3bc65cbb56921a38fe21ec-b8	65536	8	loaded	25	1787280081686	7	4029	109699072	74672128
a07b662523180685af3bc65cbb56921a38fe21ec-b8	65536	8	loaded	25	1787280081686	8	4033	109383680	74658816
a07b662523180685af3bc65cbb56921a38fe21ec-b8	65536	8	loaded	26	1787280081816	1	4028	109846528	74705920
a07b662523180685af3bc65cbb56921a38fe21ec-b8	65536	8	loaded	26	1787280081816	2	4027	108834816	74612736
a07b662523180685af3bc65cbb56921a38fe21ec-b8	65536	8	loaded	26	1787280081816	3	4026	109518848	74697728
a07b662523180685af3bc65cbb56921a38fe21ec-b8	65536	8	loaded	26	1787280081816	4	4032	109842432	74705920
a07b662523180685af3bc65cbb56921a38fe21ec-b8	65536	8	loaded	26	1787280081816	5	4030	109608960	74706944
a07b662523180685af3bc65cbb56921a38fe21ec-b8	65536	8	loaded	26	1787280081816	6	4031	109875200	74705920
a07b662523180685af3bc65cbb56921a38fe21ec-b8	65536	8	loaded	26	1787280081816	7	4029	109699072	74672128
a07b662523180685af3bc65cbb56921a38fe21ec-b8	65536	8	loaded	26	1787280081816	8	4033	109383680	74658816
a07b662523180685af3bc65cbb56921a38fe21ec-b8	65536	8	loaded	27	1787280081947	1	4028	109846528	74705920
a07b662523180685af3bc65cbb56921a38fe21ec-b8	65536	8	loaded	27	1787280081947	2	4027	108834816	74612736
a07b662523180685af3bc65cbb56921a38fe21ec-b8	65536	8	loaded	27	1787280081947	3	4026	109518848	74697728
a07b662523180685af3bc65cbb56921a38fe21ec-b8	65536	8	loaded	27	1787280081947	4	4032	109842432	74705920
a07b662523180685af3bc65cbb56921a38fe21ec-b8	65536	8	loaded	27	1787280081947	5	4030	109608960	74706944
a07b662523180685af3bc65cbb56921a38fe21ec-b8	65536	8	loaded	27	1787280081947	6	4031	109875200	74705920
a07b662523180685af3bc65cbb56921a38fe21ec-b8	65536	8	loaded	27	1787280081947	7	4029	109699072	74672128
a07b662523180685af3bc65cbb56921a38fe21ec-b8	65536	8	loaded	27	1787280081947	8	4033	109383680	74658816
a07b662523180685af3bc65cbb56921a38fe21ec-b8	65536	8	loaded	28	1787280082070	1	4028	109846528	74705920
a07b662523180685af3bc65cbb56921a38fe21ec-b8	65536	8	loaded	28	1787280082070	2	4027	108834816	74612736
a07b662523180685af3bc65cbb56921a38fe21ec-b8	65536	8	loaded	28	1787280082070	3	4026	109518848	74697728
a07b662523180685af3bc65cbb56921a38fe21ec-b8	65536	8	loaded	28	1787280082070	4	4032	109842432	74705920
a07b662523180685af3bc65cbb56921a38fe21ec-b8	65536	8	loaded	28	1787280082070	5	4030	109608960	74706944
a07b662523180685af3bc65cbb56921a38fe21ec-b8	65536	8	loaded	28	1787280082070	6	4031	109875200	74705920
a07b662523180685af3bc65cbb56921a38fe21ec-b8	65536	8	loaded	28	1787280082070	7	4029	109699072	74672128
a07b662523180685af3bc65cbb56921a38fe21ec-b8	65536	8	loaded	28	1787280082070	8	4033	109383680	74658816
a07b662523180685af3bc65cbb56921a38fe21ec-b8	65536	8	loaded	29	1787280082192	1	4028	109846528	74705920
a07b662523180685af3bc65cbb56921a38fe21ec-b8	65536	8	loaded	29	1787280082192	2	4027	108834816	74612736
a07b662523180685af3bc65cbb56921a38fe21ec-b8	65536	8	loaded	29	1787280082192	3	4026	109518848	74697728
a07b662523180685af3bc65cbb56921a38fe21ec-b8	65536	8	loaded	29	1787280082192	4	4032	109842432	74705920
a07b662523180685af3bc65cbb56921a38fe21ec-b8	65536	8	loaded	29	1787280082192	5	4030	109608960	74706944
a07b662523180685af3bc65cbb56921a38fe21ec-b8	65536	8	loaded	29	1787280082192	6	4031	109875200	74705920
a07b662523180685af3bc65cbb56921a38fe21ec-b8	65536	8	loaded	29	1787280082192	7	4029	109699072	74672128
a07b662523180685af3bc65cbb56921a38fe21ec-b8	65536	8	loaded	29	1787280082192	8	4033	109383680	74658816
a07b662523180685af3bc65cbb56921a38fe21ec-b8	65536	8	loaded	30	1787280082317	1	4028	109846528	74705920
a07b662523180685af3bc65cbb56921a38fe21ec-b8	65536	8	loaded	30	1787280082317	2	4027	108834816	74612736
a07b662523180685af3bc65cbb56921a38fe21ec-b8	65536	8	loaded	30	1787280082317	3	4026	109518848	74697728
a07b662523180685af3bc65cbb56921a38fe21ec-b8	65536	8	loaded	30	1787280082317	4	4032	109842432	74705920
a07b662523180685af3bc65cbb56921a38fe21ec-b8	65536	8	loaded	30	1787280082317	5	4030	109608960	74706944
a07b662523180685af3bc65cbb56921a38fe21ec-b8	65536	8	loaded	30	1787280082317	6	4031	109875200	74705920
a07b662523180685af3bc65cbb56921a38fe21ec-b8	65536	8	loaded	30	1787280082317	7	4029	109699072	74672128
a07b662523180685af3bc65cbb56921a38fe21ec-b8	65536	8	loaded	30	1787280082317	8	4033	109383680	74658816
a07b662523180685af3bc65cbb56921a38fe21ec-b8	65536	8	query	31	1787280082596	1	4028	112046080	75506688
a07b662523180685af3bc65cbb56921a38fe21ec-b8	65536	8	query	31	1787280082596	2	4027	111476736	75467776
a07b662523180685af3bc65cbb56921a38fe21ec-b8	65536	8	query	31	1787280082596	3	4026	111865856	75399168
a07b662523180685af3bc65cbb56921a38fe21ec-b8	65536	8	query	31	1787280082596	4	4032	112136192	75407360
a07b662523180685af3bc65cbb56921a38fe21ec-b8	65536	8	query	31	1787280082596	5	4030	111910912	75408384
a07b662523180685af3bc65cbb56921a38fe21ec-b8	65536	8	query	31	1787280082596	6	4031	112168960	75701248
a07b662523180685af3bc65cbb56921a38fe21ec-b8	65536	8	query	31	1787280082596	7	4029	112046080	75380736
a07b662523180685af3bc65cbb56921a38fe21ec-b8	65536	8	query	31	1787280082596	8	4033	111808512	75364352
a07b662523180685af3bc65cbb56921a38fe21ec-b8	65536	8	query	32	1787280082698	1	4028	112050176	75510784
a07b662523180685af3bc65cbb56921a38fe21ec-b8	65536	8	query	32	1787280082698	2	4027	111501312	75471872
a07b662523180685af3bc65cbb56921a38fe21ec-b8	65536	8	query	32	1787280082698	3	4026	111955968	75403264
a07b662523180685af3bc65cbb56921a38fe21ec-b8	65536	8	query	32	1787280082698	4	4032	112140288	75411456
a07b662523180685af3bc65cbb56921a38fe21ec-b8	65536	8	query	32	1787280082698	5	4030	111915008	75412480
a07b662523180685af3bc65cbb56921a38fe21ec-b8	65536	8	query	32	1787280082698	6	4031	112173056	75410432
a07b662523180685af3bc65cbb56921a38fe21ec-b8	65536	8	query	32	1787280082698	7	4029	112050176	75384832
a07b662523180685af3bc65cbb56921a38fe21ec-b8	65536	8	query	32	1787280082698	8	4033	111808512	75364352
a07b662523180685af3bc65cbb56921a38fe21ec-b8	65536	8	query	33	1787280082802	1	4028	113491968	75510784
a07b662523180685af3bc65cbb56921a38fe21ec-b8	65536	8	query	33	1787280082802	2	4027	111501312	75471872
a07b662523180685af3bc65cbb56921a38fe21ec-b8	65536	8	query	33	1787280082802	3	4026	113397760	76849152
a07b662523180685af3bc65cbb56921a38fe21ec-b8	65536	8	query	33	1787280082802	4	4032	113188864	76857344
a07b662523180685af3bc65cbb56921a38fe21ec-b8	65536	8	query	33	1787280082802	5	4030	111915008	75412480
a07b662523180685af3bc65cbb56921a38fe21ec-b8	65536	8	query	33	1787280082802	6	4031	112173056	75410432
a07b662523180685af3bc65cbb56921a38fe21ec-b8	65536	8	query	33	1787280082802	7	4029	112050176	75384832
a07b662523180685af3bc65cbb56921a38fe21ec-b8	65536	8	query	33	1787280082802	8	4033	111808512	75364352
a07b662523180685af3bc65cbb56921a38fe21ec-b8	65536	8	query	34	1787280082909	1	4028	112050176	75510784
a07b662523180685af3bc65cbb56921a38fe21ec-b8	65536	8	query	34	1787280082909	2	4027	111501312	75471872
a07b662523180685af3bc65cbb56921a38fe21ec-b8	65536	8	query	34	1787280082909	3	4026	111955968	75403264
a07b662523180685af3bc65cbb56921a38fe21ec-b8	65536	8	query	34	1787280082909	4	4032	112140288	75412480
a07b662523180685af3bc65cbb56921a38fe21ec-b8	65536	8	query	34	1787280082909	5	4030	111915008	75412480
a07b662523180685af3bc65cbb56921a38fe21ec-b8	65536	8	query	34	1787280082909	6	4031	112173056	75410432
a07b662523180685af3bc65cbb56921a38fe21ec-b8	65536	8	query	34	1787280082909	7	4029	112050176	75385856
a07b662523180685af3bc65cbb56921a38fe21ec-b8	65536	8	query	34	1787280082909	8	4033	111808512	75674624
a07b662523180685af3bc65cbb56921a38fe21ec-b8	65536	8	query	35	1787280083013	1	4028	112050176	75513856
a07b662523180685af3bc65cbb56921a38fe21ec-b8	65536	8	query	35	1787280083013	2	4027	111501312	75474944
a07b662523180685af3bc65cbb56921a38fe21ec-b8	65536	8	query	35	1787280083013	3	4026	111955968	75407360
a07b662523180685af3bc65cbb56921a38fe21ec-b8	65536	8	query	35	1787280083013	4	4032	112140288	75415552
a07b662523180685af3bc65cbb56921a38fe21ec-b8	65536	8	query	35	1787280083013	5	4030	111915008	75416576
a07b662523180685af3bc65cbb56921a38fe21ec-b8	65536	8	query	35	1787280083013	6	4031	112173056	75413504
a07b662523180685af3bc65cbb56921a38fe21ec-b8	65536	8	query	35	1787280083013	7	4029	112910336	76687360
a07b662523180685af3bc65cbb56921a38fe21ec-b8	65536	8	query	35	1787280083013	8	4033	111808512	75367424
a07b662523180685af3bc65cbb56921a38fe21ec-b8	65536	8	query	36	1787280083119	1	4028	113610752	75517952
a07b662523180685af3bc65cbb56921a38fe21ec-b8	65536	8	query	36	1787280083119	2	4027	111505408	75479040
a07b662523180685af3bc65cbb56921a38fe21ec-b8	65536	8	query	36	1787280083119	3	4026	112611328	76656640
a07b662523180685af3bc65cbb56921a38fe21ec-b8	65536	8	query	36	1787280083119	4	4032	112140288	75415552
a07b662523180685af3bc65cbb56921a38fe21ec-b8	65536	8	query	36	1787280083119	5	4030	111915008	75416576
a07b662523180685af3bc65cbb56921a38fe21ec-b8	65536	8	query	36	1787280083119	6	4031	112173056	75413504
a07b662523180685af3bc65cbb56921a38fe21ec-b8	65536	8	query	36	1787280083119	7	4029	112123904	75388928
a07b662523180685af3bc65cbb56921a38fe21ec-b8	65536	8	query	36	1787280083119	8	4033	111808512	75367424
a07b662523180685af3bc65cbb56921a38fe21ec-b8	65536	8	query	37	1787280083222	1	4028	112242688	75517952
a07b662523180685af3bc65cbb56921a38fe21ec-b8	65536	8	query	37	1787280083222	2	4027	111505408	75479040
a07b662523180685af3bc65cbb56921a38fe21ec-b8	65536	8	query	37	1787280083222	3	4026	112029696	75407360
a07b662523180685af3bc65cbb56921a38fe21ec-b8	65536	8	query	37	1787280083222	4	4032	112168960	75415552
a07b662523180685af3bc65cbb56921a38fe21ec-b8	65536	8	query	37	1787280083222	5	4030	111915008	75416576
a07b662523180685af3bc65cbb56921a38fe21ec-b8	65536	8	query	37	1787280083222	6	4031	112435200	76212224
a07b662523180685af3bc65cbb56921a38fe21ec-b8	65536	8	query	37	1787280083222	7	4029	112123904	75388928
a07b662523180685af3bc65cbb56921a38fe21ec-b8	65536	8	query	37	1787280083222	8	4033	111808512	75367424
a07b662523180685af3bc65cbb56921a38fe21ec-b8	65536	8	query	38	1787280083326	1	4028	112242688	75517952
a07b662523180685af3bc65cbb56921a38fe21ec-b8	65536	8	query	38	1787280083326	2	4027	111505408	75479040
a07b662523180685af3bc65cbb56921a38fe21ec-b8	65536	8	query	38	1787280083326	3	4026	112029696	75407360
a07b662523180685af3bc65cbb56921a38fe21ec-b8	65536	8	query	38	1787280083326	4	4032	112168960	75755520
a07b662523180685af3bc65cbb56921a38fe21ec-b8	65536	8	query	38	1787280083326	5	4030	111915008	75416576
a07b662523180685af3bc65cbb56921a38fe21ec-b8	65536	8	query	38	1787280083326	6	4031	112173056	75458560
a07b662523180685af3bc65cbb56921a38fe21ec-b8	65536	8	query	38	1787280083326	7	4029	112123904	75388928
a07b662523180685af3bc65cbb56921a38fe21ec-b8	65536	8	query	38	1787280083326	8	4033	111808512	75367424
a07b662523180685af3bc65cbb56921a38fe21ec-b8	65536	8	query	39	1787280083430	1	4028	112242688	75517952
a07b662523180685af3bc65cbb56921a38fe21ec-b8	65536	8	query	39	1787280083430	2	4027	111583232	75479040
a07b662523180685af3bc65cbb56921a38fe21ec-b8	65536	8	query	39	1787280083430	3	4026	112029696	75407360
a07b662523180685af3bc65cbb56921a38fe21ec-b8	65536	8	query	39	1787280083430	4	4032	113217536	76861440
a07b662523180685af3bc65cbb56921a38fe21ec-b8	65536	8	query	39	1787280083430	5	4030	111915008	75416576
a07b662523180685af3bc65cbb56921a38fe21ec-b8	65536	8	query	39	1787280083430	6	4031	112173056	75413504
a07b662523180685af3bc65cbb56921a38fe21ec-b8	65536	8	query	39	1787280083430	7	4029	112123904	75388928
a07b662523180685af3bc65cbb56921a38fe21ec-b8	65536	8	query	39	1787280083430	8	4033	111845376	75367424
a07b662523180685af3bc65cbb56921a38fe21ec-b8	65536	8	query	40	1787280083534	1	4028	112242688	76128256
a07b662523180685af3bc65cbb56921a38fe21ec-b8	65536	8	query	40	1787280083534	2	4027	113025024	76924928
a07b662523180685af3bc65cbb56921a38fe21ec-b8	65536	8	query	40	1787280083534	3	4026	112029696	75407360
a07b662523180685af3bc65cbb56921a38fe21ec-b8	65536	8	query	40	1787280083534	4	4032	112168960	75415552
a07b662523180685af3bc65cbb56921a38fe21ec-b8	65536	8	query	40	1787280083534	5	4030	111915008	75416576
a07b662523180685af3bc65cbb56921a38fe21ec-b8	65536	8	query	40	1787280083534	6	4031	112173056	75413504
a07b662523180685af3bc65cbb56921a38fe21ec-b8	65536	8	query	40	1787280083534	7	4029	112152576	75388928
a07b662523180685af3bc65cbb56921a38fe21ec-b8	65536	8	query	40	1787280083534	8	4033	111845376	75367424
