benchmark_id,statistic,confidence_level,lower_bound_ns,point_estimate_ns,upper_bound_ns
open_type_bfs/query_surface=bfs/label_count=254/selectivity=all_matched/degree=8/depth=4/csr_direction=out/csr_type_bytes_one_direction=32/encoding=adaptive_u8,median,0.95,1457.1343007135574,1466.0623195718654,1474.8124787322768
open_type_bfs/query_surface=bfs/label_count=254/selectivity=half_of_32/degree=8/depth=4/csr_direction=out/csr_type_bytes_one_direction=32/encoding=adaptive_u8,median,0.95,1035.6197019723986,1048.9455430163057,1059.0506864564009
open_type_bfs/query_surface=bfs/label_count=254/selectivity=no_filter/degree=1/depth=4/csr_direction=out/csr_type_bytes_one_direction=4/encoding=adaptive_u8,median,0.95,322.1095333534664,323.92651619348743,324.8995779599544
open_type_bfs/query_surface=bfs/label_count=254/selectivity=no_filter/degree=1024/depth=4/csr_direction=out/csr_type_bytes_one_direction=4096/encoding=adaptive_u8,median,0.95,163247.62274283933,163800.8653375734,164659.75532724505
open_type_bfs/query_surface=bfs/label_count=254/selectivity=no_filter/degree=64/depth=4/csr_direction=out/csr_type_bytes_one_direction=256/encoding=adaptive_u8,median,0.95,8477.18352497305,8507.230628668105,8597.2445586912
open_type_bfs/query_surface=bfs/label_count=254/selectivity=no_filter/degree=8/depth=1/csr_direction=out/csr_type_bytes_one_direction=8/encoding=adaptive_u8,median,0.95,408.8317794956556,410.43884698003023,411.3448854943996
open_type_bfs/query_surface=bfs/label_count=254/selectivity=no_filter/degree=8/depth=16/csr_direction=out/csr_type_bytes_one_direction=128/encoding=adaptive_u8,median,0.95,4735.891352498193,4748.674441802088,4761.421378319461
open_type_bfs/query_surface=bfs/label_count=254/selectivity=no_filter/degree=8/depth=4/csr_direction=in/csr_type_bytes_one_direction=32/encoding=adaptive_u8,median,0.95,1366.545450469077,1390.7703995323786,1463.1879570108476
open_type_bfs/query_surface=bfs/label_count=254/selectivity=no_filter/degree=8/depth=4/csr_direction=out/csr_type_bytes_one_direction=32/encoding=adaptive_u8,median,0.95,1328.4840739593296,1338.6574336458625,1341.71579889464
open_type_bfs/query_surface=bfs/label_count=254/selectivity=none_matched/degree=8/depth=4/csr_direction=out/csr_type_bytes_one_direction=32/encoding=adaptive_u8,median,0.95,181.9206767826376,187.3124694867546,192.8695203837966
open_type_bfs/query_surface=bfs/label_count=254/selectivity=one_of_32/degree=8/depth=4/csr_direction=out/csr_type_bytes_one_direction=32/encoding=adaptive_u8,median,0.95,311.74767544799954,313.7891744911578,315.77478378570686
open_type_bfs/query_surface=bfs/label_count=255/selectivity=no_filter/degree=8/depth=4/csr_direction=out/csr_type_bytes_one_direction=64/encoding=adaptive_u16,median,0.95,1332.9631975515786,1346.904893736018,1351.758879567487
open_type_bfs/query_surface=bfs/label_count=65534/selectivity=no_filter/degree=8/depth=4/csr_direction=out/csr_type_bytes_one_direction=64/encoding=adaptive_u16,median,0.95,1333.9287550019726,1341.1270465817506,1345.8038074242352
open_type_bfs/query_surface=bfs/label_count=65535/selectivity=no_filter/degree=8/depth=4/csr_direction=out/csr_type_bytes_one_direction=128/encoding=adaptive_u32,median,0.95,1348.6084674919603,1359.6059020109265,1374.5895105440575
open_type_bfs/query_surface=bfs/label_count=65536/selectivity=no_filter/degree=8/depth=4/csr_direction=out/csr_type_bytes_one_direction=128/encoding=adaptive_u32,median,0.95,1356.447341558294,1358.433943902653,1366.8677854127625
open_type_filter_resolution/query_surface=filter_request/label_count=254/request=32_labels/encoding=adaptive_u8,median,0.95,683.2907779091488,685.1663797329643,688.931268083552
open_type_filter_resolution/query_surface=filter_request/label_count=254/request=first/encoding=adaptive_u8,median,0.95,57.9781360004548,58.13135814916831,58.82139661583817
open_type_filter_resolution/query_surface=filter_request/label_count=254/request=last/encoding=adaptive_u8,median,0.95,58.25143853611604,58.59475026828005,58.97704947454115
open_type_filter_resolution/query_surface=filter_request/label_count=254/request=missing/encoding=adaptive_u8,median,0.95,43.61533917835641,43.79629647277362,43.89592521625178
open_type_filter_resolution/query_surface=filter_request/label_count=255/request=32_labels/encoding=adaptive_u16,median,0.95,683.7855198930388,685.5397346458335,688.9700511994895
open_type_filter_resolution/query_surface=filter_request/label_count=255/request=first/encoding=adaptive_u16,median,0.95,57.41144176899745,57.733819536030325,58.129220449633785
open_type_filter_resolution/query_surface=filter_request/label_count=255/request=last/encoding=adaptive_u16,median,0.95,57.95592073359899,58.52397986902385,58.63081446255572
open_type_filter_resolution/query_surface=filter_request/label_count=255/request=missing/encoding=adaptive_u16,median,0.95,43.77015697195074,44.07384890796217,44.24554111483609
open_type_filter_resolution/query_surface=filter_request/label_count=65534/request=32_labels/encoding=adaptive_u16,median,0.95,684.2845293209876,685.6642394410169,690.7414549365484
open_type_filter_resolution/query_surface=filter_request/label_count=65534/request=first/encoding=adaptive_u16,median,0.95,58.36410075581223,58.712952120658144,59.06780098065539
open_type_filter_resolution/query_surface=filter_request/label_count=65534/request=last/encoding=adaptive_u16,median,0.95,59.050747398802486,59.36772899680636,59.65927468186211
open_type_filter_resolution/query_surface=filter_request/label_count=65534/request=missing/encoding=adaptive_u16,median,0.95,44.035359340053645,44.37116142474743,44.64383591886306
open_type_filter_resolution/query_surface=filter_request/label_count=65535/request=32_labels/encoding=adaptive_u32,median,0.95,691.6976700398384,695.7714138624499,701.2238911529018
open_type_filter_resolution/query_surface=filter_request/label_count=65535/request=first/encoding=adaptive_u32,median,0.95,57.8215638560055,58.268954310909585,58.71408889790891
open_type_filter_resolution/query_surface=filter_request/label_count=65535/request=last/encoding=adaptive_u32,median,0.95,59.09164067566141,59.40744600854609,59.93382832678593
open_type_filter_resolution/query_surface=filter_request/label_count=65535/request=missing/encoding=adaptive_u32,median,0.95,44.09305123588035,44.17579471854279,44.370570639184734
open_type_filter_resolution/query_surface=filter_request/label_count=65536/request=32_labels/encoding=adaptive_u32,median,0.95,672.1954589742134,676.4001609781775,679.2550017027073
open_type_filter_resolution/query_surface=filter_request/label_count=65536/request=first/encoding=adaptive_u32,median,0.95,56.99874022330778,57.65872010874182,58.5106768071663
open_type_filter_resolution/query_surface=filter_request/label_count=65536/request=last/encoding=adaptive_u32,median,0.95,57.89661795956391,58.122917713268386,58.61406206057751
open_type_filter_resolution/query_surface=filter_request/label_count=65536/request=missing/encoding=adaptive_u32,median,0.95,43.455934890299,43.69642704471532,44.27831411866836
open_type_filter_resolution/query_surface=filter_resolution/label_count=254/request_shape=bounded_4096/encoding=adaptive_u8,median,0.95,4925.575363701408,4950.62677031163,4980.527667512643
open_type_filter_resolution/query_surface=filter_resolution/label_count=254/request_shape=empty/encoding=adaptive_u8,median,0.95,5.301836586854093,5.311289708870282,5.322908880132828
open_type_filter_resolution/query_surface=filter_resolution/label_count=254/request_shape=one_exact/encoding=adaptive_u8,median,0.95,58.59389275788263,59.02741270804715,59.82131255673778
open_type_filter_resolution/query_surface=filter_resolution/label_count=255/request_shape=bounded_4096/encoding=adaptive_u16,median,0.95,5041.739003096953,5058.389962764451,5076.336451331399
open_type_filter_resolution/query_surface=filter_resolution/label_count=255/request_shape=empty/encoding=adaptive_u16,median,0.95,5.3117367054366085,5.330846475092175,5.339359731697838
open_type_filter_resolution/query_surface=filter_resolution/label_count=255/request_shape=one_exact/encoding=adaptive_u16,median,0.95,58.181877520841084,58.60987981609246,59.04415317728325
open_type_filter_resolution/query_surface=filter_resolution/label_count=65534/request_shape=bounded_4096/encoding=adaptive_u16,median,0.95,114678.15950226245,115042.4637254902,115637.76189309057
open_type_filter_resolution/query_surface=filter_resolution/label_count=65534/request_shape=empty/encoding=adaptive_u16,median,0.95,5.296106152581276,5.311570413952046,5.3287919751274595
open_type_filter_resolution/query_surface=filter_resolution/label_count=65534/request_shape=one_exact/encoding=adaptive_u16,median,0.95,58.92435136551718,60.03852468106622,60.478388220118795
open_type_filter_resolution/query_surface=filter_resolution/label_count=65535/request_shape=bounded_4096/encoding=adaptive_u32,median,0.95,113707.3963737094,114369.81713340839,115364.47355734378
open_type_filter_resolution/query_surface=filter_resolution/label_count=65535/request_shape=empty/encoding=adaptive_u32,median,0.95,5.301792519862775,5.324210374098443,5.343121833310221
open_type_filter_resolution/query_surface=filter_resolution/label_count=65535/request_shape=one_exact/encoding=adaptive_u32,median,0.95,59.33558789173934,59.748875512636886,60.400583504274366
open_type_filter_resolution/query_surface=filter_resolution/label_count=65536/request_shape=bounded_4096/encoding=adaptive_u32,median,0.95,114800.84516260162,115942.11414634145,116387.44918699187
open_type_filter_resolution/query_surface=filter_resolution/label_count=65536/request_shape=empty/encoding=adaptive_u32,median,0.95,5.323560262620534,5.338165167657739,5.3577690983454875
open_type_filter_resolution/query_surface=filter_resolution/label_count=65536/request_shape=one_exact/encoding=adaptive_u32,median,0.95,57.31879167014685,57.99049089500638,58.267649084688216
open_type_registry_lookup/query_surface=registry_lookup/label_count=254/request=first/encoding=adaptive_u8,median,0.95,8.059664780573222,8.080654612584286,8.099539677774022
open_type_registry_lookup/query_surface=registry_lookup/label_count=254/request=last/encoding=adaptive_u8,median,0.95,8.188682149684528,8.216102140776941,8.228990498092124
open_type_registry_lookup/query_surface=registry_lookup/label_count=254/request=missing/encoding=adaptive_u8,median,0.95,8.940288834298547,8.962743981773642,8.992177359101962
open_type_registry_lookup/query_surface=registry_lookup/label_count=255/request=first/encoding=adaptive_u16,median,0.95,8.040207946273288,8.064354875063286,8.089376924492502
open_type_registry_lookup/query_surface=registry_lookup/label_count=255/request=last/encoding=adaptive_u16,median,0.95,8.184461066660507,8.21827666202421,8.235355802810517
open_type_registry_lookup/query_surface=registry_lookup/label_count=255/request=missing/encoding=adaptive_u16,median,0.95,8.934544496055107,8.949057681846767,8.972774535866542
open_type_registry_lookup/query_surface=registry_lookup/label_count=65534/request=first/encoding=adaptive_u16,median,0.95,8.083089843059852,8.111143134490124,8.145952957963445
open_type_registry_lookup/query_surface=registry_lookup/label_count=65534/request=last/encoding=adaptive_u16,median,0.95,9.133994589779132,9.175067971231059,9.196332168783082
open_type_registry_lookup/query_surface=registry_lookup/label_count=65534/request=missing/encoding=adaptive_u16,median,0.95,8.960088486179647,8.984996682112104,9.058647936558568
open_type_registry_lookup/query_surface=registry_lookup/label_count=65535/request=first/encoding=adaptive_u32,median,0.95,8.066981116500969,8.092857076981296,8.104848679225967
open_type_registry_lookup/query_surface=registry_lookup/label_count=65535/request=last/encoding=adaptive_u32,median,0.95,9.194457883884766,9.221335049096517,9.261489899146937
open_type_registry_lookup/query_surface=registry_lookup/label_count=65535/request=missing/encoding=adaptive_u32,median,0.95,9.177223263655103,9.210873095276021,9.236687896821355
open_type_registry_lookup/query_surface=registry_lookup/label_count=65536/request=first/encoding=adaptive_u32,median,0.95,8.049068641400723,8.080993633779883,8.108316878898119
open_type_registry_lookup/query_surface=registry_lookup/label_count=65536/request=last/encoding=adaptive_u32,median,0.95,9.172597442935697,9.21373636816395,9.239418973984527
open_type_registry_lookup/query_surface=registry_lookup/label_count=65536/request=missing/encoding=adaptive_u32,median,0.95,8.949551023767906,8.984372033922257,9.023980298816195
