benchmark_id,query_surface,label_count,request,request_shape,selectivity,degree,depth,csr_direction,encoding,csr_type_bytes_one_direction,latency_median_ns,latency_ci_lower_ns,latency_ci_upper_ns,throughput_per_second
open_type_bfs/query_surface=bfs/label_count=254/selectivity=all_matched/degree=8/depth=4/csr_direction=out/csr_type_bytes_one_direction=32/encoding=adaptive_u8,bfs,254,,,all_matched,8,4,out,adaptive_u8,32,1466.0623195718654,1457.1343007135574,1474.8124787322768,682099.2441112805
open_type_bfs/query_surface=bfs/label_count=254/selectivity=half_of_32/degree=8/depth=4/csr_direction=out/csr_type_bytes_one_direction=32/encoding=adaptive_u8,bfs,254,,,half_of_32,8,4,out,adaptive_u8,32,1048.9455430163057,1035.6197019723986,1059.0506864564009,953338.3373978025
open_type_bfs/query_surface=bfs/label_count=254/selectivity=no_filter/degree=1/depth=4/csr_direction=out/csr_type_bytes_one_direction=4/encoding=adaptive_u8,bfs,254,,,no_filter,1,4,out,adaptive_u8,4,323.92651619348743,322.1095333534664,324.8995779599544,3087119.917662687
open_type_bfs/query_surface=bfs/label_count=254/selectivity=no_filter/degree=1024/depth=4/csr_direction=out/csr_type_bytes_one_direction=4096/encoding=adaptive_u8,bfs,254,,,no_filter,1024,4,out,adaptive_u8,4096,163800.8653375734,163247.62274283933,164659.75532724505,6104.973853093653
open_type_bfs/query_surface=bfs/label_count=254/selectivity=no_filter/degree=64/depth=4/csr_direction=out/csr_type_bytes_one_direction=256/encoding=adaptive_u8,bfs,254,,,no_filter,64,4,out,adaptive_u8,256,8507.230628668105,8477.18352497305,8597.2445586912,117547.06597822192
open_type_bfs/query_surface=bfs/label_count=254/selectivity=no_filter/degree=8/depth=1/csr_direction=out/csr_type_bytes_one_direction=8/encoding=adaptive_u8,bfs,254,,,no_filter,8,1,out,adaptive_u8,8,410.43884698003023,408.8317794956556,411.3448854943996,2436416.5511084157
open_type_bfs/query_surface=bfs/label_count=254/selectivity=no_filter/degree=8/depth=16/csr_direction=out/csr_type_bytes_one_direction=128/encoding=adaptive_u8,bfs,254,,,no_filter,8,16,out,adaptive_u8,128,4748.674441802088,4735.891352498193,4761.421378319461,210585.08269109877
open_type_bfs/query_surface=bfs/label_count=254/selectivity=no_filter/degree=8/depth=4/csr_direction=in/csr_type_bytes_one_direction=32/encoding=adaptive_u8,bfs,254,,,no_filter,8,4,in,adaptive_u8,32,1390.7703995323786,1366.545450469077,1463.1879570108476,719025.9444234878
open_type_bfs/query_surface=bfs/label_count=254/selectivity=no_filter/degree=8/depth=4/csr_direction=out/csr_type_bytes_one_direction=32/encoding=adaptive_u8,bfs,254,,,no_filter,8,4,out,adaptive_u8,32,1338.6574336458625,1328.4840739593296,1341.71579889464,747017.1045003488
open_type_bfs/query_surface=bfs/label_count=254/selectivity=none_matched/degree=8/depth=4/csr_direction=out/csr_type_bytes_one_direction=32/encoding=adaptive_u8,bfs,254,,,none_matched,8,4,out,adaptive_u8,32,187.3124694867546,181.9206767826376,192.8695203837966,5338672.875009599
open_type_bfs/query_surface=bfs/label_count=254/selectivity=one_of_32/degree=8/depth=4/csr_direction=out/csr_type_bytes_one_direction=32/encoding=adaptive_u8,bfs,254,,,one_of_32,8,4,out,adaptive_u8,32,313.7891744911578,311.74767544799954,315.77478378570686,3186853.088930188
open_type_bfs/query_surface=bfs/label_count=255/selectivity=no_filter/degree=8/depth=4/csr_direction=out/csr_type_bytes_one_direction=64/encoding=adaptive_u16,bfs,255,,,no_filter,8,4,out,adaptive_u16,64,1346.904893736018,1332.9631975515786,1351.758879567487,742442.9183163927
open_type_bfs/query_surface=bfs/label_count=65534/selectivity=no_filter/degree=8/depth=4/csr_direction=out/csr_type_bytes_one_direction=64/encoding=adaptive_u16,bfs,65534,,,no_filter,8,4,out,adaptive_u16,64,1341.1270465817506,1333.9287550019726,1345.8038074242352,745641.5128967749
open_type_bfs/query_surface=bfs/label_count=65535/selectivity=no_filter/degree=8/depth=4/csr_direction=out/csr_type_bytes_one_direction=128/encoding=adaptive_u32,bfs,65535,,,no_filter,8,4,out,adaptive_u32,128,1359.6059020109265,1348.6084674919603,1374.5895105440575,735507.251418186
open_type_bfs/query_surface=bfs/label_count=65536/selectivity=no_filter/degree=8/depth=4/csr_direction=out/csr_type_bytes_one_direction=128/encoding=adaptive_u32,bfs,65536,,,no_filter,8,4,out,adaptive_u32,128,1358.433943902653,1356.447341558294,1366.8677854127625,736141.793635614
open_type_filter_resolution/query_surface=filter_request/label_count=254/request=32_labels/encoding=adaptive_u8,filter_request,254,32_labels,,,,,,adaptive_u8,,685.1663797329643,683.2907779091488,688.931268083552,1459499.5165841887
open_type_filter_resolution/query_surface=filter_request/label_count=254/request=first/encoding=adaptive_u8,filter_request,254,first,,,,,,adaptive_u8,,58.13135814916831,57.9781360004548,58.82139661583817,17202419.345406387
open_type_filter_resolution/query_surface=filter_request/label_count=254/request=last/encoding=adaptive_u8,filter_request,254,last,,,,,,adaptive_u8,,58.59475026828005,58.25143853611604,58.97704947454115,17066375.322386935
open_type_filter_resolution/query_surface=filter_request/label_count=254/request=missing/encoding=adaptive_u8,filter_request,254,missing,,,,,,adaptive_u8,,43.79629647277362,43.61533917835641,43.89592521625178,22832980.88051028
open_type_filter_resolution/query_surface=filter_request/label_count=255/request=32_labels/encoding=adaptive_u16,filter_request,255,32_labels,,,,,,adaptive_u16,,685.5397346458335,683.7855198930388,688.9700511994895,1458704.6519143407
open_type_filter_resolution/query_surface=filter_request/label_count=255/request=first/encoding=adaptive_u16,filter_request,255,first,,,,,,adaptive_u16,,57.733819536030325,57.41144176899745,58.129220449633785,17320870.29814342
open_type_filter_resolution/query_surface=filter_request/label_count=255/request=last/encoding=adaptive_u16,filter_request,255,last,,,,,,adaptive_u16,,58.52397986902385,57.95592073359899,58.63081446255572,17087012.917405672
open_type_filter_resolution/query_surface=filter_request/label_count=255/request=missing/encoding=adaptive_u16,filter_request,255,missing,,,,,,adaptive_u16,,44.07384890796217,43.77015697195074,44.24554111483609,22689191.54504214
open_type_filter_resolution/query_surface=filter_request/label_count=65534/request=32_labels/encoding=adaptive_u16,filter_request,65534,32_labels,,,,,,adaptive_u16,,685.6642394410169,684.2845293209876,690.7414549365484,1458439.7763185713
open_type_filter_resolution/query_surface=filter_request/label_count=65534/request=first/encoding=adaptive_u16,filter_request,65534,first,,,,,,adaptive_u16,,58.712952120658144,58.36410075581223,59.06780098065539,17032017.023176562
open_type_filter_resolution/query_surface=filter_request/label_count=65534/request=last/encoding=adaptive_u16,filter_request,65534,last,,,,,,adaptive_u16,,59.36772899680636,59.050747398802486,59.65927468186211,16844167.983144414
open_type_filter_resolution/query_surface=filter_request/label_count=65534/request=missing/encoding=adaptive_u16,filter_request,65534,missing,,,,,,adaptive_u16,,44.37116142474743,44.035359340053645,44.64383591886306,22537160.801976737
open_type_filter_resolution/query_surface=filter_request/label_count=65535/request=32_labels/encoding=adaptive_u32,filter_request,65535,32_labels,,,,,,adaptive_u32,,695.7714138624499,691.6976700398384,701.2238911529018,1437253.6440505364
open_type_filter_resolution/query_surface=filter_request/label_count=65535/request=first/encoding=adaptive_u32,filter_request,65535,first,,,,,,adaptive_u32,,58.268954310909585,57.8215638560055,58.71408889790891,17161797.595752835
open_type_filter_resolution/query_surface=filter_request/label_count=65535/request=last/encoding=adaptive_u32,filter_request,65535,last,,,,,,adaptive_u32,,59.40744600854609,59.09164067566141,59.93382832678593,16832906.768221352
open_type_filter_resolution/query_surface=filter_request/label_count=65535/request=missing/encoding=adaptive_u32,filter_request,65535,missing,,,,,,adaptive_u32,,44.17579471854279,44.09305123588035,44.370570639184734,22636831.015068304
open_type_filter_resolution/query_surface=filter_request/label_count=65536/request=32_labels/encoding=adaptive_u32,filter_request,65536,32_labels,,,,,,adaptive_u32,,676.4001609781775,672.1954589742134,679.2550017027073,1478414.7871192815
open_type_filter_resolution/query_surface=filter_request/label_count=65536/request=first/encoding=adaptive_u32,filter_request,65536,first,,,,,,adaptive_u32,,57.65872010874182,56.99874022330778,58.5106768071663,17343430.414585058
open_type_filter_resolution/query_surface=filter_request/label_count=65536/request=last/encoding=adaptive_u32,filter_request,65536,last,,,,,,adaptive_u32,,58.122917713268386,57.89661795956391,58.61406206057751,17204917.429183334
open_type_filter_resolution/query_surface=filter_request/label_count=65536/request=missing/encoding=adaptive_u32,filter_request,65536,missing,,,,,,adaptive_u32,,43.69642704471532,43.455934890299,44.27831411866836,22885166.30837305
open_type_filter_resolution/query_surface=filter_resolution/label_count=254/request_shape=bounded_4096/encoding=adaptive_u8,filter_resolution,254,,bounded_4096,,,,,adaptive_u8,,4950.62677031163,4925.575363701408,4980.527667512643,201994.62540720927
open_type_filter_resolution/query_surface=filter_resolution/label_count=254/request_shape=empty/encoding=adaptive_u8,filter_resolution,254,,empty,,,,,adaptive_u8,,5.311289708870282,5.301836586854093,5.322908880132828,188278187.56147295
open_type_filter_resolution/query_surface=filter_resolution/label_count=254/request_shape=one_exact/encoding=adaptive_u8,filter_resolution,254,,one_exact,,,,,adaptive_u8,,59.02741270804715,58.59389275788263,59.82131255673778,16941281.247512158
open_type_filter_resolution/query_surface=filter_resolution/label_count=255/request_shape=bounded_4096/encoding=adaptive_u16,filter_resolution,255,,bounded_4096,,,,,adaptive_u16,,5058.389962764451,5041.739003096953,5076.336451331399,197691.36174971607
open_type_filter_resolution/query_surface=filter_resolution/label_count=255/request_shape=empty/encoding=adaptive_u16,filter_resolution,255,,empty,,,,,adaptive_u16,,5.330846475092175,5.3117367054366085,5.339359731697838,187587469.39578843
open_type_filter_resolution/query_surface=filter_resolution/label_count=255/request_shape=one_exact/encoding=adaptive_u16,filter_resolution,255,,one_exact,,,,,adaptive_u16,,58.60987981609246,58.181877520841084,59.04415317728325,17061969.81017236
open_type_filter_resolution/query_surface=filter_resolution/label_count=65534/request_shape=bounded_4096/encoding=adaptive_u16,filter_resolution,65534,,bounded_4096,,,,,adaptive_u16,,115042.4637254902,114678.15950226245,115637.76189309057,8692.442491375712
open_type_filter_resolution/query_surface=filter_resolution/label_count=65534/request_shape=empty/encoding=adaptive_u16,filter_resolution,65534,,empty,,,,,adaptive_u16,,5.311570413952046,5.296106152581276,5.3287919751274595,188268237.4638719
open_type_filter_resolution/query_surface=filter_resolution/label_count=65534/request_shape=one_exact/encoding=adaptive_u16,filter_resolution,65534,,one_exact,,,,,adaptive_u16,,60.03852468106622,58.92435136551718,60.478388220118795,16655972.233031243
open_type_filter_resolution/query_surface=filter_resolution/label_count=65535/request_shape=bounded_4096/encoding=adaptive_u32,filter_resolution,65535,,bounded_4096,,,,,adaptive_u32,,114369.81713340839,113707.3963737094,115364.47355734378,8743.565610789909
open_type_filter_resolution/query_surface=filter_resolution/label_count=65535/request_shape=empty/encoding=adaptive_u32,filter_resolution,65535,,empty,,,,,adaptive_u32,,5.324210374098443,5.301792519862775,5.343121833310221,187821278.6002716
open_type_filter_resolution/query_surface=filter_resolution/label_count=65535/request_shape=one_exact/encoding=adaptive_u32,filter_resolution,65535,,one_exact,,,,,adaptive_u32,,59.748875512636886,59.33558789173934,60.400583504274366,16736716.656508457
open_type_filter_resolution/query_surface=filter_resolution/label_count=65536/request_shape=bounded_4096/encoding=adaptive_u32,filter_resolution,65536,,bounded_4096,,,,,adaptive_u32,,115942.11414634145,114800.84516260162,116387.44918699187,8624.993664836971
open_type_filter_resolution/query_surface=filter_resolution/label_count=65536/request_shape=empty/encoding=adaptive_u32,filter_resolution,65536,,empty,,,,,adaptive_u32,,5.338165167657739,5.323560262620534,5.3577690983454875,187330284.58142975
open_type_filter_resolution/query_surface=filter_resolution/label_count=65536/request_shape=one_exact/encoding=adaptive_u32,filter_resolution,65536,,one_exact,,,,,adaptive_u32,,57.99049089500638,57.31879167014685,58.267649084688216,17244206.49948509
open_type_registry_lookup/query_surface=registry_lookup/label_count=254/request=first/encoding=adaptive_u8,registry_lookup,254,first,,,,,,adaptive_u8,,8.080654612584286,8.059664780573222,8.099539677774022,123752350.2666065
open_type_registry_lookup/query_surface=registry_lookup/label_count=254/request=last/encoding=adaptive_u8,registry_lookup,254,last,,,,,,adaptive_u8,,8.216102140776941,8.188682149684528,8.228990498092124,121712216.19032072
open_type_registry_lookup/query_surface=registry_lookup/label_count=254/request=missing/encoding=adaptive_u8,registry_lookup,254,missing,,,,,,adaptive_u8,,8.962743981773642,8.940288834298547,8.992177359101962,111572973.8608588
open_type_registry_lookup/query_surface=registry_lookup/label_count=255/request=first/encoding=adaptive_u16,registry_lookup,255,first,,,,,,adaptive_u16,,8.064354875063286,8.040207946273288,8.089376924492502,124002479.49060555
open_type_registry_lookup/query_surface=registry_lookup/label_count=255/request=last/encoding=adaptive_u16,registry_lookup,255,last,,,,,,adaptive_u16,,8.21827666202421,8.184461066660507,8.235355802810517,121680011.65267345
open_type_registry_lookup/query_surface=registry_lookup/label_count=255/request=missing/encoding=adaptive_u16,registry_lookup,255,missing,,,,,,adaptive_u16,,8.949057681846767,8.934544496055107,8.972774535866542,111743608.71854785
open_type_registry_lookup/query_surface=registry_lookup/label_count=65534/request=first/encoding=adaptive_u16,registry_lookup,65534,first,,,,,,adaptive_u16,,8.111143134490124,8.083089843059852,8.145952957963445,123287184.48424485
open_type_registry_lookup/query_surface=registry_lookup/label_count=65534/request=last/encoding=adaptive_u16,registry_lookup,65534,last,,,,,,adaptive_u16,,9.175067971231059,9.133994589779132,9.196332168783082,108991018.17398587
open_type_registry_lookup/query_surface=registry_lookup/label_count=65534/request=missing/encoding=adaptive_u16,registry_lookup,65534,missing,,,,,,adaptive_u16,,8.984996682112104,8.960088486179647,9.058647936558568,111296646.55200851
open_type_registry_lookup/query_surface=registry_lookup/label_count=65535/request=first/encoding=adaptive_u32,registry_lookup,65535,first,,,,,,adaptive_u32,,8.092857076981296,8.066981116500969,8.104848679225967,123565755.63954088
open_type_registry_lookup/query_surface=registry_lookup/label_count=65535/request=last/encoding=adaptive_u32,registry_lookup,65535,last,,,,,,adaptive_u32,,9.221335049096517,9.194457883884766,9.261489899146937,108444167.21394128
open_type_registry_lookup/query_surface=registry_lookup/label_count=65535/request=missing/encoding=adaptive_u32,registry_lookup,65535,missing,,,,,,adaptive_u32,,9.210873095276021,9.177223263655103,9.236687896821355,108567340.9736662
open_type_registry_lookup/query_surface=registry_lookup/label_count=65536/request=first/encoding=adaptive_u32,registry_lookup,65536,first,,,,,,adaptive_u32,,8.080993633779883,8.049068641400723,8.108316878898119,123747158.4954399
open_type_registry_lookup/query_surface=registry_lookup/label_count=65536/request=last/encoding=adaptive_u32,registry_lookup,65536,last,,,,,,adaptive_u32,,9.21373636816395,9.172597442935697,9.239418973984527,108533602.44333462
open_type_registry_lookup/query_surface=registry_lookup/label_count=65536/request=missing/encoding=adaptive_u32,registry_lookup,65536,missing,,,,,,adaptive_u32,,8.984372033922257,8.949551023767906,9.023980298816195,111304384.57182138
