phase	sample_id	epoch_ms	backend	pid	rss_bytes	pss_bytes
idle	1	1787279965199	1	2244	22827008	12407808
idle	2	1787279965306	1	2244	22827008	12407808
idle	3	1787279965414	1	2244	22827008	12407808
idle	4	1787279965523	1	2244	22827008	12407808
idle	5	1787279965629	1	2244	22827008	12407808
idle	6	1787279965736	1	2244	22827008	12407808
idle	7	1787279965848	1	2244	22827008	12407808
idle	8	1787279965956	1	2244	22827008	12407808
idle	9	1787279966061	1	2244	22827008	12407808
idle	10	1787279966169	1	2244	22827008	12407808
loaded	11	1787279968126	1	2244	111161344	100359168
loaded	12	1787279968231	1	2244	111161344	100359168
loaded	13	1787279968336	1	2244	111161344	100359168
loaded	14	1787279968447	1	2244	111161344	100359168
loaded	15	1787279968553	1	2244	111161344	100359168
loaded	16	1787279968662	1	2244	111161344	100359168
loaded	17	1787279968774	1	2244	111161344	100359168
loaded	18	1787279968883	1	2244	111161344	100359168
loaded	19	1787279968990	1	2244	111161344	100359168
loaded	20	1787279969095	1	2244	111161344	100359168
loaded	21	1787279969204	1	2244	111161344	100359168
loaded	22	1787279969321	1	2244	111161344	100359168
loaded	23	1787279969429	1	2244	111161344	100359168
loaded	24	1787279969538	1	2244	111161344	100359168
loaded	25	1787279969645	1	2244	111161344	100359168
loaded	26	1787279969760	1	2244	111161344	100359168
loaded	27	1787279969867	1	2244	111161344	100359168
loaded	28	1787279969985	1	2244	111161344	100359168
loaded	29	1787279970093	1	2244	111161344	100359168
loaded	30	1787279970201	1	2244	111161344	100359168
query	31	1787279970430	1	2244	114053120	103148544
query	32	1787279970513	1	2244	114057216	103152640
query	33	1787279970599	1	2244	114057216	103152640
query	34	1787279970688	1	2244	114057216	103418880
query	35	1787279970792	1	2244	114057216	103152640
query	36	1787279970880	1	2244	114061312	103159808
query	37	1787279970979	1	2244	114061312	103158784
query	38	1787279971070	1	2244	114061312	103158784
query	39	1787279971159	1	2244	114061312	103159808
query	40	1787279971250	1	2244	114061312	103159808
