case_name,strategy,selected_strategy,selector_class,key_shape,rls_scope,policy_shape,query_kind,sample,total_ms,result_rows,result_signature,visibility_us,hidden_nodes,hidden_relationships,spi_calls,requested_keys,returned_keys,requested_key_bytes,returned_key_bytes,source_rows,memory_peak_bytes,work_units,relationship_completeness_checks,gql_read_recheck_calls,gql_read_recheck_rows,gql_read_recheck_elapsed_micros
p5_gql_identity_one_hop_auto,auto,lazy,targeted,scalar,node,broad_allow,gql_identity_one_hop,1,1881.684,1,ae8d9ca16bb0441cf540799009d32815,1875341,0,0,3,3,3,9,9,3,8818902,14,1,0,0,0
p5_gql_identity_one_hop_auto,auto,lazy,targeted,scalar,node,broad_allow,gql_identity_one_hop,2,1778.828,1,ae8d9ca16bb0441cf540799009d32815,1773827,0,0,3,3,3,9,9,3,8818902,14,1,0,0,0
p5_gql_identity_one_hop_auto,auto,lazy,targeted,scalar,node,broad_allow,gql_identity_one_hop,3,2308.227,1,ae8d9ca16bb0441cf540799009d32815,2302714,0,0,3,3,3,9,9,3,8818902,14,1,0,0,0
p5_gql_identity_one_hop_auto,auto,lazy,targeted,scalar,node,broad_allow,gql_identity_one_hop,4,2597.458,1,ae8d9ca16bb0441cf540799009d32815,2584696,0,0,3,3,3,9,9,3,8818902,14,1,0,0,0
p5_gql_identity_one_hop_auto,auto,lazy,targeted,scalar,node,broad_allow,gql_identity_one_hop,5,2952.188,1,ae8d9ca16bb0441cf540799009d32815,2941889,0,0,3,3,3,9,9,3,8818902,14,1,0,0,0
p5_gql_identity_one_hop_auto,auto,lazy,targeted,scalar,node,broad_allow,gql_identity_one_hop,6,2473.743,1,ae8d9ca16bb0441cf540799009d32815,2464831,0,0,3,3,3,9,9,3,8818902,14,1,0,0,0
p5_gql_identity_one_hop_auto,auto,lazy,targeted,scalar,node,broad_allow,gql_identity_one_hop,7,2187.871,1,ae8d9ca16bb0441cf540799009d32815,2182161,0,0,3,3,3,9,9,3,8818902,14,1,0,0,0
p5_gql_identity_one_hop_auto,auto,lazy,targeted,scalar,node,broad_allow,gql_identity_one_hop,8,2452.727,1,ae8d9ca16bb0441cf540799009d32815,2447097,0,0,3,3,3,9,9,3,8818902,14,1,0,0,0
p5_gql_identity_one_hop_auto,auto,lazy,targeted,scalar,node,broad_allow,gql_identity_one_hop,9,2315.533,1,ae8d9ca16bb0441cf540799009d32815,2307746,0,0,3,3,3,9,9,3,8818902,14,1,0,0,0
p5_gql_identity_one_hop_auto,auto,lazy,targeted,scalar,node,broad_allow,gql_identity_one_hop,10,2203.379,1,ae8d9ca16bb0441cf540799009d32815,2196803,0,0,3,3,3,9,9,3,8818902,14,1,0,0,0
p5_gql_identity_one_hop_eager_oracle,eager,eager,targeted,scalar,node,broad_allow,gql_identity_one_hop,1,53541.812,1,ae8d9ca16bb0441cf540799009d32815,50183767,0,0,0,0,0,0,0,30000000,1816187289,90000014,2,1,1,1353070
p5_gql_identity_one_hop_eager_oracle,eager,eager,targeted,scalar,node,broad_allow,gql_identity_one_hop,2,56353.06,1,ae8d9ca16bb0441cf540799009d32815,53771035,0,0,0,0,0,0,0,30000000,1816187289,90000014,2,1,1,905048
p5_gql_identity_one_hop_eager_oracle,eager,eager,targeted,scalar,node,broad_allow,gql_identity_one_hop,3,53906.983,1,ae8d9ca16bb0441cf540799009d32815,51116816,0,0,0,0,0,0,0,30000000,1816187289,90000014,2,1,1,1123911
p5_gql_identity_one_hop_eager_oracle,eager,eager,targeted,scalar,node,broad_allow,gql_identity_one_hop,4,58268.255,1,ae8d9ca16bb0441cf540799009d32815,55744045,0,0,0,0,0,0,0,30000000,1816187289,90000014,2,1,1,842895
p5_gql_identity_one_hop_eager_oracle,eager,eager,targeted,scalar,node,broad_allow,gql_identity_one_hop,5,57082.182,1,ae8d9ca16bb0441cf540799009d32815,54591525,0,0,0,0,0,0,0,30000000,1816187289,90000014,2,1,1,869604
p5_gql_identity_one_hop_eager_oracle,eager,eager,targeted,scalar,node,broad_allow,gql_identity_one_hop,6,59943.334,1,ae8d9ca16bb0441cf540799009d32815,56789364,0,0,0,0,0,0,0,30000000,1816187289,90000014,2,1,1,1237353
p5_gql_identity_one_hop_eager_oracle,eager,eager,targeted,scalar,node,broad_allow,gql_identity_one_hop,7,59991.28,1,ae8d9ca16bb0441cf540799009d32815,56854841,0,0,0,0,0,0,0,30000000,1816187289,90000014,2,1,1,1090481
p5_gql_identity_one_hop_eager_oracle,eager,eager,targeted,scalar,node,broad_allow,gql_identity_one_hop,8,66908.197,1,ae8d9ca16bb0441cf540799009d32815,64571440,0,0,0,0,0,0,0,30000000,1816187289,90000014,2,1,1,762328
p5_gql_identity_one_hop_eager_oracle,eager,eager,targeted,scalar,node,broad_allow,gql_identity_one_hop,9,62550.007,1,ae8d9ca16bb0441cf540799009d32815,59903173,0,0,0,0,0,0,0,30000000,1816187289,90000014,2,1,1,986347
p5_gql_identity_one_hop_eager_oracle,eager,eager,targeted,scalar,node,broad_allow,gql_identity_one_hop,10,55059.131,1,ae8d9ca16bb0441cf540799009d32815,52499539,0,0,0,0,0,0,0,30000000,1816187289,90000014,2,1,1,871771
p5_gql_whole_source_auto,auto,eager,global,scalar,node,sparse_allow,gql_whole_source,1,26811.02,10,cc69a6047a4d495e421b1b398630383c,24070078,19800000,9900000,0,0,0,0,0,300000,1816187289,60300068,1,1,10,2726720
p5_gql_whole_source_auto,auto,eager,global,scalar,node,sparse_allow,gql_whole_source,2,24382.424,10,cc69a6047a4d495e421b1b398630383c,21752864,19800000,9900000,0,0,0,0,0,300000,1816187289,60300068,1,1,10,2622901
p5_gql_whole_source_auto,auto,eager,global,scalar,node,sparse_allow,gql_whole_source,3,25558.878,10,cc69a6047a4d495e421b1b398630383c,22913630,19800000,9900000,0,0,0,0,0,300000,1816187289,60300068,1,1,10,2636697
p5_gql_whole_source_auto,auto,eager,global,scalar,node,sparse_allow,gql_whole_source,4,24224.103,10,cc69a6047a4d495e421b1b398630383c,21792691,19800000,9900000,0,0,0,0,0,300000,1816187289,60300068,1,1,10,2424796
p5_gql_whole_source_auto,auto,eager,global,scalar,node,sparse_allow,gql_whole_source,5,27245.615,10,cc69a6047a4d495e421b1b398630383c,24351541,19800000,9900000,0,0,0,0,0,300000,1816187289,60300068,1,1,10,2880796
p5_gql_whole_source_auto,auto,eager,global,scalar,node,sparse_allow,gql_whole_source,6,25126.801,10,cc69a6047a4d495e421b1b398630383c,22550681,19800000,9900000,0,0,0,0,0,300000,1816187289,60300068,1,1,10,2564976
p5_gql_whole_source_auto,auto,eager,global,scalar,node,sparse_allow,gql_whole_source,7,28827.25,10,cc69a6047a4d495e421b1b398630383c,26217430,19800000,9900000,0,0,0,0,0,300000,1816187289,60300068,1,1,10,2599608
p5_gql_whole_source_auto,auto,eager,global,scalar,node,sparse_allow,gql_whole_source,8,24971.443,10,cc69a6047a4d495e421b1b398630383c,22809058,19800000,9900000,0,0,0,0,0,300000,1816187289,60300068,1,1,10,2156836
p5_gql_whole_source_auto,auto,eager,global,scalar,node,sparse_allow,gql_whole_source,9,25383.588,10,cc69a6047a4d495e421b1b398630383c,22139862,19800000,9900000,0,0,0,0,0,300000,1816187289,60300068,1,1,10,3227087
p5_gql_whole_source_auto,auto,eager,global,scalar,node,sparse_allow,gql_whole_source,10,27895.863,10,cc69a6047a4d495e421b1b398630383c,25334137,19800000,9900000,0,0,0,0,0,300000,1816187289,60300068,1,1,10,2547318
p5_no_rls_auto,auto,lazy,targeted,scalar,none,no_rls,gql_identity_one_hop,1,303.587,1,ae8d9ca16bb0441cf540799009d32815,19,0,0,0,0,0,0,0,0,8818902,17,1,1,1,300922
p5_no_rls_auto,auto,lazy,targeted,scalar,none,no_rls,gql_identity_one_hop,2,304.708,1,ae8d9ca16bb0441cf540799009d32815,6,0,0,0,0,0,0,0,0,8818902,17,1,1,1,301988
p5_no_rls_auto,auto,lazy,targeted,scalar,none,no_rls,gql_identity_one_hop,3,300.292,1,ae8d9ca16bb0441cf540799009d32815,12,0,0,0,0,0,0,0,0,8818902,17,1,1,1,297007
p5_no_rls_auto,auto,lazy,targeted,scalar,none,no_rls,gql_identity_one_hop,4,297.556,1,ae8d9ca16bb0441cf540799009d32815,7,0,0,0,0,0,0,0,0,8818902,17,1,1,1,294579
p5_no_rls_auto,auto,lazy,targeted,scalar,none,no_rls,gql_identity_one_hop,5,288.68,1,ae8d9ca16bb0441cf540799009d32815,6,0,0,0,0,0,0,0,0,8818902,17,1,1,1,286395
p5_no_rls_auto,auto,lazy,targeted,scalar,none,no_rls,gql_identity_one_hop,6,277.047,1,ae8d9ca16bb0441cf540799009d32815,10,0,0,0,0,0,0,0,0,8818902,17,1,1,1,274560
p5_no_rls_auto,auto,lazy,targeted,scalar,none,no_rls,gql_identity_one_hop,7,326.636,1,ae8d9ca16bb0441cf540799009d32815,5,0,0,0,0,0,0,0,0,8818902,17,1,1,1,323933
p5_no_rls_auto,auto,lazy,targeted,scalar,none,no_rls,gql_identity_one_hop,8,315.143,1,ae8d9ca16bb0441cf540799009d32815,14,0,0,0,0,0,0,0,0,8818902,17,1,1,1,311595
p5_no_rls_auto,auto,lazy,targeted,scalar,none,no_rls,gql_identity_one_hop,9,297.149,1,ae8d9ca16bb0441cf540799009d32815,7,0,0,0,0,0,0,0,0,8818902,17,1,1,1,293502
p5_no_rls_auto,auto,lazy,targeted,scalar,none,no_rls,gql_identity_one_hop,10,276.427,1,ae8d9ca16bb0441cf540799009d32815,6,0,0,0,0,0,0,0,0,8818902,17,1,1,1,273898
